ALPHA L,ALPHA R,BETA L,BETA R,DELTA L,DELTA R,THETA L,THETA R,CLASS
527.891767901896,669.6521673483409,11.845818852850135,13.437732393287245,18.430722446152867,29.730853369837316,3244.6181519453103,6115.855767476528,sad
958.1214810207822,897.8819145851111,30.626118802659274,28.617246725775573,57.36930747729629,57.715508339093795,2918.5604644986297,3966.4862432827117,sad
257.5836007062642,258.24355315558586,6.2758033037465255,7.0055789289959085,47.38492990542931,55.027811767948315,3412.909193856095,3178.8168209486794,sad
236.73360886978298,232.90385249464583,7.551919319442281,6.931067316105593,37.25113503704919,31.452680004763778,3172.1356831916887,3304.8996953443707,sad
89.02321280766444,99.66456538696671,2.5992436716657514,2.961068331383063,24.664326555810288,26.99464958537207,2732.3532699416564,4522.507750661529,sad
182.6001352576975,226.6790059884432,5.94283587608429,10.288561470041646,34.25738509298419,59.629086048256866,3850.3883079044435,5108.260304163484,sad
129.1357534960775,180.6311397329505,7.476767221779534,7.093341200216146,64.85287438761783,66.8840514029124,5764.298455552914,5600.6016390663945,sad
272.4872501250799,347.1151217748816,11.912097423717464,15.9918288409764,42.38673563724216,39.95033472976911,5433.394302638089,7182.172026828698,sad
388.0285682052119,593.2106325541226,23.48488850868258,36.77328021285693,42.90864106886188,69.13606259421131,7815.728246223497,7696.44217004473,sad
211.76560707300425,213.93243166651305,4.674495143347863,6.824801498917616,22.977649154939567,39.16161230106961,5423.07318814083,6084.268839609017,sad
255.16635946085307,256.13449672152717,9.12961790576367,10.82744241426293,8.07655077154745,11.169535976516089,8110.3177888723785,8415.312905779205,sad
166.64406666258864,300.0287401403442,12.010832038951607,14.838088628680634,29.222586236078794,25.00799687256619,7583.073040656965,9023.208038646679,sad
749.0436929417268,823.9336084424291,11.890080469047607,15.99440435992669,23.254244633940353,47.20857249601401,4690.15255182045,4131.112951159621,sad
419.312944621286,444.2465121990695,18.222607320535825,17.820034736752245,27.37425809118803,21.190552145477543,19612.312980126975,20875.907590345952,sad
750.1511680836886,706.5978686390972,19.23307860461987,18.76301200921418,88.9732128306752,77.73986510014414,18865.591158520467,28185.513506435524,sad
325.3016886899312,409.5758242756352,9.720606785927089,16.643175225369486,19.237672163838134,35.7216798283798,12097.674133650775,16860.589444433816,sad
481.11702511405457,476.632055112569,29.11704645279365,39.9060550326494,55.54640242881637,92.83525655928075,23156.14296967583,27325.266780947197,sad
1975.093477790766,1457.721913785981,104.04833023603963,66.63919946787694,218.6322367027514,144.53237504512066,21513.890016259265,21767.773052222354,sad
1898.4994713323808,1121.1180497807352,34.78884809460022,25.91127573461935,62.551240642798135,39.17541087756296,79146.03981553568,82684.99326209226,sad
2936.717719043259,1843.5449262434674,21.511720094725238,40.73935199811145,283.3213594670884,383.2203318933768,36356.09353499381,38253.92714554279,sad
1952.505550290258,2825.762580918156,88.09030415011611,106.64903781715385,215.76515608579894,125.34986962964352,31549.342061231735,37116.032929839064,sad
2954.255406837095,2034.7669977126955,83.26929899341916,65.0228920076529,79.98846174873151,64.81938218443737,27698.334358058004,33393.994987747246,sad
918.7425408070378,683.895386769291,28.215525297226346,23.120824649223373,66.63799021981285,96.23315312078432,9856.764485541227,8114.476807494061,sad
123.66627088091188,127.75692079758733,6.1862029060018875,8.674009556437829,16.026986359292003,17.85147540486921,6806.381582659122,10412.059605370683,sad
205.3601466003935,296.3127378645986,6.228640041400014,7.140358864095404,32.73936475136831,36.09696339090964,11844.011288152064,18216.758318971577,sad
183.47586998548735,164.80695884986477,10.117842748635768,10.476342822129215,13.815210267239014,22.148015604132407,9075.529506377472,10299.142634111178,sad
170.5172101453612,186.7294512132365,6.713248547002508,12.191823651597236,36.37616857411106,72.44401949471198,5902.829237485813,7930.6486696542715,sad
623.3966465440384,403.0537579399861,4.2811970251803455,3.3909931196050636,40.58414294322928,41.86295864140594,7618.874733109998,8430.965318214287,sad
419.62033539811137,335.4368600763792,9.374269748257797,7.534893862833471,68.22387813059308,75.28920711695557,903.8209390550345,1016.6241004497431,sad
271.05106117916773,264.49683696610026,6.414802818088818,4.871216777320434,18.838730008486596,25.109391613068606,3755.412796320717,3860.495913096113,sad
865.0226643534571,743.5244048116339,16.50851953749808,18.12726819681182,51.978838841502935,27.226918534465728,36290.80673108824,32890.63951606305,sad
3588.7975147641523,2459.8337253823724,68.5186479274066,69.60443047871898,142.79456175365914,83.81892459368302,53425.69282568415,111287.2586360545,sad
6332.528254682729,3980.6411228196935,223.33884692703836,127.37432078059393,1006.5580572315375,555.6289383635942,114706.98120396545,198806.8087107713,sad
923.8256653382044,496.4110526926978,56.07027609645935,31.30717987578595,149.77849399598497,124.759903777551,13243.393720224833,25909.270495832265,sad
3388.3129220581877,2451.4756767530675,19.999434304213896,30.662844757564446,49.91860999686221,45.1454483196894,17254.773487020644,33375.20319636705,sad
1664.387529347237,1415.2983430586953,75.31121215867628,79.39807995745232,171.7957176415776,165.5432550697341,3857.4802269421425,4700.366251966257,sad
331.7036262330341,326.3245250747787,6.227691688410558,7.30279309656038,54.40451151481075,62.60025379371499,3371.7060011365534,5893.770386709244,sad
394.4559883026446,295.47125564033723,22.96684993227499,21.1174020634998,28.832812686520725,21.993278354034185,3644.4802344170066,6535.195998291114,sad
319.81625884690806,346.78080027175736,14.859681631200704,22.038622768739113,24.877977093558282,23.06216659471404,4708.217800941443,5061.338028218329,sad
99.54601730240327,124.29430158383694,8.48151940207518,11.76063613261113,22.450410045695204,32.54052782579506,4810.559907383917,5692.4610113015515,sad
157.53164568699032,168.69587132660146,15.818159694215014,18.012956826220414,33.9053326083152,23.539473968456768,5106.465150329561,5953.366922524282,sad
451.61656153031703,454.46570620474984,18.025146639497507,16.50993705119317,17.790668435246836,16.55135091442295,9565.474332919435,12121.360604064603,sad
637.0165630527615,538.7604617185922,18.207753380187793,18.00502430736335,53.46366774693478,54.35070908583857,22782.46298305708,24361.656925320513,sad
290.00082816091924,218.841635194773,31.586693663032072,17.544001916743998,103.93904839643353,89.47087902734064,5639.304254236922,8144.449390520688,sad
111.59618169406056,127.95767264789369,5.483551712294422,7.588980103400386,35.579664925178704,49.43879137473109,8358.746223727116,10658.945284443573,sad
290.8708061020455,346.6624753980072,3.9240906701015987,3.6035320596218066,11.05219895195964,10.623543511262161,3420.087187647748,3801.526552199254,sad
179.69316717993448,245.51556360296473,4.971805058688711,4.087882406356821,26.054652417150926,29.883806259664755,3231.6709658631357,3061.29213553109,sad
777.0843832276621,741.0493788448723,9.064533604745405,6.698906394981571,25.296802451924776,33.543861132451575,4344.049178252828,7039.183501924864,sad
867.7999258187643,866.560463188647,32.96557533312331,22.52476267040362,73.42606336072224,59.81383854916674,6630.266412326343,8493.162391318368,sad
611.7027645058348,568.3773931305288,15.491473312625095,13.813472957021904,50.32106609499823,59.48790749944036,5665.520098362386,7728.289124524751,sad
556.8035135360324,612.9220904631128,34.23476214698563,36.19688582924586,100.59978311312628,105.1468102780943,6851.355780941873,5643.901118300853,sad
207.32448235067622,322.88762507468,7.98531785777053,9.07330695459205,21.614097341005387,23.39512612963864,2703.6102311940626,3448.8662951972187,sad
224.06805604186067,204.97797985199207,5.563258513917248,5.1562140731781465,19.501045467748547,22.05260898349124,5031.099014979804,4054.1630688493506,sad
454.8163401203375,545.4277219855713,14.05750039389447,18.1844774753906,43.46567155875937,54.64470298979097,4139.39649052788,6074.327257441602,sad
1441.3927701229911,1265.4171498729063,41.17568507578109,50.98030758317794,75.48950550214454,117.32051496396481,7185.153672260006,7609.101721886395,sad
392.06301339170693,467.81717244444343,7.199722844198923,8.602744815159154,73.65128471065866,80.47976317218948,2000.208303607884,2057.2248559736104,sad
385.62497374077066,686.3502016689011,6.35527949362382,11.29458555865948,16.68148441095285,23.19067687577816,6845.215812553695,7866.691117542293,sad
801.7317920799949,671.0509988562696,22.857677557966955,27.37404706911775,44.329953536194964,44.88354621535694,5937.551057394471,5860.206652968868,sad
1684.4792725894622,839.9080648368144,16.00579101358474,12.809283811776842,20.842075082634757,26.83148305829062,6829.840985887649,4821.448223634376,sad
876.3338622399752,1000.9609726535708,37.56611686364497,34.01966766721403,110.29163430621627,133.20164132606598,5520.53423806012,9653.54290892857,sad
371.8812167290775,360.7909894824557,20.75919965171072,18.088139780902146,16.447604039459286,24.848002041949417,8950.296235680831,13573.46499602834,sad
186.69677956735327,256.5446711998306,11.524273134682305,13.548009841436158,37.20167395495529,49.617399039012334,3258.860142961846,2917.602010248108,sad
79.69651217668515,76.51265961738598,2.6055220818782785,1.9045457623663735,10.18202788732998,12.671482294291806,2354.4780006622136,2907.945217722589,sad
231.99319821844261,237.13704028336178,5.681634732540234,3.2646820825976524,18.130690281081776,20.257163744464815,2776.3893597692695,3422.1098290139635,sad
132.28488354826055,105.63862980904545,6.154083112626165,6.872526982537415,27.977416740056523,30.830033432912114,4159.796125484937,5229.437183999203,sad
194.56887871234647,334.21141396488775,9.292190431162421,12.936050981460966,48.72871409042835,54.81381464372849,4876.028193479462,5359.967306677536,sad
447.488704617307,768.8761852177358,12.37880167599785,16.887238330204273,13.707885837526037,12.973581771244895,5233.818582704365,5675.03673599387,sad
540.5870775048808,515.5501510532465,5.535781070029068,4.968974988461263,12.326780945989364,14.731705583506956,5555.072860251705,6978.977658731927,sad
693.0620835971787,453.68530221994985,25.734766691170332,21.05038733030735,17.345483483309078,15.033044857818371,3296.6327484193134,3890.265791828994,sad
1387.9015951532201,685.643297556295,69.73931701020452,40.760215679698874,32.50692334260062,29.204412884622876,3540.3930460075157,4258.352208724817,sad
186.63864540940904,139.32521125034899,5.496542874073358,7.1191205056195255,21.23458765269174,24.02197641133325,3083.7623027712425,3303.8102048229666,sad
240.66951313114046,217.7540651247824,17.501318878647762,17.776234890997173,47.78502745221101,75.33573246821366,4266.321620908912,7207.750362124969,sad
331.6192699528706,345.5113820257522,13.797774170788774,15.519345776015712,65.92295941751424,68.38096100877952,4014.137717215917,4800.444735525512,sad
1863.3406180312918,1480.1211901371196,26.678033178250264,18.059447903253186,82.18979437930868,76.90370247520919,2352.2171987040565,2526.9613159137966,sad
428.16580272905827,538.1437849393949,6.848866474820083,4.8293604673098605,18.89879618245397,25.132260974897587,4070.200214275735,3309.1148973094328,sad
892.8996677212052,756.2175480697351,40.610661554929685,28.886550569518143,103.6111139641872,79.41744821332743,9284.416957273232,9753.528452957267,sad
891.3564667058735,629.8892790557709,21.338075454722038,21.224955650512072,45.14253007676848,51.7647926853645,5503.866009096643,6853.059497776158,sad
407.3657086263673,526.8583145181476,15.935848327623319,18.91543501499479,58.747064284884665,79.55996114689104,2450.9828625379746,2815.7174725811055,sad
379.2164640742782,525.821978505952,3.176974526765545,4.768011508227125,43.01870960948282,59.94116927563932,6462.219374548569,6427.489285752553,sad
329.55300948168843,494.5306963946015,11.222550765694873,18.36242582585864,36.70782525166191,53.5405392683604,4086.7205807215796,6344.741154881311,sad
172.76747001308462,97.24394240029783,6.4619759137553165,4.931794154499242,6.471420984959773,4.312765567567142,3847.1654989991594,3609.072219843641,sad
162.93200796911475,179.17468152780975,10.234762984963096,13.151254873032096,19.109229684620924,19.118822293541655,2042.5518753100525,2434.529617875618,sad
282.58221305132895,253.46834021533988,20.571138013230833,11.597699921586221,39.00435383722391,31.672600095121567,6621.646866918638,7455.2246256524395,sad
407.2596146388936,426.6525472864454,9.159939167192883,12.249700037344864,22.605539614418156,77.95029783735106,10035.155685514494,14558.36036094915,sad
364.5747685088186,392.9265344314812,10.907594215787457,13.001626818621887,24.08936090419024,33.49850701430083,7987.61150180143,5621.102741127942,sad
288.2493259125433,223.9417499449265,9.897573233893874,5.880897620360089,12.389198171408173,10.473596535913511,4770.188327011295,4632.881042464981,sad
497.55647990528166,488.64024807252173,5.309097260273923,5.316125544629618,69.95507997065819,57.457391381051075,4085.1978466333744,4432.080179793056,sad
426.7034470710537,426.94399207325677,17.49944494505998,16.890944879951654,22.481433717168795,26.899207740618614,5891.54147123629,5198.800898342889,sad
337.64819883265164,489.8955112120423,12.902983358140846,17.51874667441764,36.78554707602569,47.260133586671145,9282.401759179507,12057.42827808219,sad
252.3981480806358,295.5405246462669,9.599375975807693,9.268337556435691,7.959640071965962,8.833232575620823,5772.14722173807,6570.8033532637755,sad
393.4831726353697,330.9044625983332,11.671268535594468,10.671287403953729,12.062627137927503,13.831112786579448,7124.25146270118,6432.781987978225,sad
130.65982406626748,144.07642283664876,7.7776192977579015,9.315797972530413,22.501905679399407,22.78070324155085,3763.380195912828,3803.528185720431,sad
80.88635438961771,91.90142561758863,5.202834052574848,4.262501231462859,13.811436054212056,17.422396408006097,1488.4650952683085,1225.8395495708846,sad
422.6822298465317,477.0339382477772,12.187448675423948,15.11198118396245,9.681116528280311,19.117478775283733,3904.128551377228,2604.8128328249363,sad
103.80505968454024,86.29743989463785,2.8913327221446288,2.532513526122614,11.846852100303565,12.043680987158382,4026.19320519915,6668.089265165427,sad
241.93001865307184,327.01639649614447,2.8679415914964137,4.853185350036109,9.782435862726581,12.671316842091127,3691.552661929344,5782.0484259065715,sad
381.94302413603606,364.3960032087272,11.829245200872668,14.729807018637972,33.7715258884032,43.455299209810775,3289.1407953013427,4397.253060791972,sad
1010.8178598245321,1033.4564255637035,35.41641443991626,31.683638752800963,104.38731460530651,135.6548325928425,7212.15115453381,9762.994744483252,sad
612.2756943884809,451.67513194052896,13.5432466826466,17.472787204829412,16.711943271942957,18.340998071915987,5005.4873970491035,8836.033556452103,sad
369.9453516853531,408.1559044174047,6.159923021656428,6.2539231266188215,24.92165460813758,30.139840226246616,2384.409107030772,4122.366618273943,sad
79.5761413852711,81.414005983982,6.42020858691081,7.245795882578336,17.697317279317907,22.396671910231003,2365.2462022870227,2609.874040582147,sad
251.59657376786808,317.43677503299824,7.6510573206419235,11.854905456226907,14.087885405554257,16.493769517511378,5848.434774652468,7405.86293675581,sad
84.47834271166089,90.32440462370992,3.8475070944145946,4.412060826528392,19.026260017927747,17.99302831720323,4804.315273164158,6721.909289680375,sad
526.5819798786246,651.096819193382,16.2272979444542,17.273801750211337,40.05540383003758,43.07220172685017,2162.6894773459076,2808.9814395796843,sad
327.4911606092534,383.0277178996366,10.733796630436816,13.600693190046789,25.52723742252046,29.167980372550893,2999.823355815912,2865.188407653564,sad
134.78169796381806,93.32043532219252,15.835934019219607,11.520853091642147,29.11667834292349,25.699239114458248,3446.4247059314007,2881.7098572843547,sad
167.2601441931739,149.11012620293232,7.782909944543973,5.258957268279619,12.955047458681861,9.588826984655539,3591.5405124623953,3311.1397104184475,sad
90.08210259726316,70.16813340383501,4.555810194791892,3.7386763774250262,67.50293020399023,94.13990338280423,2888.072967145934,3348.1282219020272,sad
173.60497179617292,157.60133558463102,7.340044144544749,10.574369535645705,19.53350753044597,29.80272751290738,3337.2478454345633,2642.3262403581757,sad
222.32032961181116,228.1828997445332,9.612760315328403,9.14734119087575,42.0730642497433,52.337611528112404,1238.456492973608,1925.6670884075234,sad
178.4442503288287,213.61441018391497,11.475358597191573,12.174030947626994,58.747151472179915,101.41219569051462,3922.842939759129,3462.5382024377145,sad
398.8615044706864,459.3618115632295,21.032266962814454,15.597369062547969,47.66750274902903,45.60882579439069,7980.924452159254,9686.084249229678,sad
112.12858361726649,178.60837540328228,4.490171614535868,4.783068525680017,14.054232582795416,18.75133313266494,6695.992265023721,6442.748911720552,sad
189.06944072684183,100.43662333884599,8.281768001309015,5.4286784203525915,15.158693401379484,16.099601393855146,8179.852694241075,7090.069557749034,sad
105.60370844877193,124.5145240822619,15.015332173644639,17.10916557400487,24.26109214728126,31.16966545505346,6630.924144805985,6459.438553579409,sad
134.1247487069428,193.5009091653429,9.884745037319124,12.747631097754676,178.94675687840012,216.7793233770148,9188.814904447529,10035.380399131276,sad
215.06662937527585,204.50756587053175,11.135870731241436,13.450025113080386,30.49635852608748,29.06187682630476,28415.04662805563,33750.998993253765,sad
325.7504032956038,369.4793481720993,10.002113222384832,11.891546262966685,73.62609720162042,88.41317719913305,6125.5501123222475,8182.257217518956,sad
319.16812019013963,358.37073815887425,7.633816543338392,7.679413628655356,15.960376800149467,17.479876546944165,5184.275079362904,3764.9036343850526,sad
131.8481481485321,184.44040917100463,12.627487928545492,12.940365922500208,41.33580602643419,39.854799697867676,8476.515318285481,9010.758041167328,sad
600.3470285020785,770.3565380663638,18.215295523937233,24.685157496247346,19.468362556263674,14.302929710492533,4248.332132851759,5458.724440545221,sad
150.51851850007805,169.22050525032017,9.448577716629718,11.960084594348753,20.607485009722435,18.897221699476045,2849.4288924581815,4032.735903023158,sad
478.483630805429,313.82471702089134,7.898305127732441,9.214852930042243,11.391629686468352,12.532558833947016,11949.656745910586,12664.651338655152,sad
383.8794412643191,327.1923515759303,15.879852142663639,14.16398111196631,30.42140500659295,29.465412326586556,9581.822752652699,10425.902706562922,sad
1221.8509243389776,1155.129419149595,8.918247279484778,8.979674417984594,60.47232833605352,51.48105182823408,4722.0688297989445,3928.742803713968,sad
201.80099400440557,227.22964845656193,5.168986307359979,5.254647439901818,9.953018175937496,13.190735654969675,4258.416138208709,4977.372790151649,sad
121.24673020550851,103.59279808954912,12.605296652231432,14.433850375177386,10.685647637879208,12.653967214273615,3808.3530812168706,5472.476786807928,sad
247.7284673408829,212.1635661301303,4.590422505435631,3.294488369598624,16.70861580373875,19.914497911113028,3265.268221288519,3198.2702805752424,sad
135.81211299501808,161.59109355052504,8.594049717422141,10.042042086535101,12.27376891361321,7.1844833178897956,2017.6918468623446,2904.6704283298423,sad
204.960543678727,195.2980463041974,13.456706633375052,11.950847447183063,18.07274307314573,21.221570629079427,4847.436075500722,4043.191149378728,sad
94.15285278788086,61.918547049653306,6.385973944923724,7.151755712076851,7.465593787995919,5.470791029604854,3667.693435298735,3345.611313454442,sad
72.524010573376,96.88603533229447,5.1075840212882895,5.294471793121427,6.230508767139669,8.713028235070507,2977.1294961527283,2367.415166878069,sad
75.00893941535477,73.1856176041941,7.0220531210183035,10.033135928972113,24.59966131437351,22.559753809798277,3286.4876361164743,3636.1630595402066,sad
148.31607514911573,122.99243223831289,3.5561200136932145,2.989875490609046,12.317907813787327,12.08939986189173,1969.241427642155,1767.8008765988561,sad
149.1453807976316,66.87817546072446,3.9324928523840543,1.3451748385754232,30.23119622592764,37.46236842377124,2280.3418078084096,2949.662072472377,sad
64.76955652719302,77.66790545163563,8.675624335776192,8.815720597781482,16.100402733517264,16.46906683836656,6030.39776477727,4062.454945193138,sad
265.02636223479965,223.37505498720415,5.158003824245042,3.896450658567839,22.043747184128524,21.37480217402962,6950.271580421866,8466.973770359093,sad
230.3254463834523,229.8522943741057,3.6279450323592135,3.68797473185913,24.163262333985443,21.453247443912044,6432.959203885996,11852.276255595978,sad
376.19973099299716,389.53177079729306,21.834994600780526,23.81890267527029,194.65864676449095,185.62375753604925,8986.287322515278,11698.352316177208,sad
752.3950755751922,682.9944162449139,7.809099046107685,9.545246051597642,37.810767438428115,39.42715968202948,8156.36331733442,7438.040034497736,sad
273.4017140143457,297.05402057640833,18.973158968264556,19.407642416926866,37.198304835355025,43.126144038737074,4062.0539217918886,3273.904342800945,sad
260.09194001328234,252.6218651582802,10.415860766455115,10.16836954271472,63.895882783468345,77.31839428557325,4223.067638032065,5579.679759423683,sad
223.6995593035512,306.9261766275155,6.157848546882012,6.347925428040556,10.374725393172,14.531530816519702,2658.9565038495907,2362.0474953573503,sad
519.9534674853995,568.1828785747198,19.455275807408725,24.552284614824185,20.734411067096715,22.876333805930432,3469.5728535186,2856.935285147031,sad
578.9566713577437,552.5776492872488,21.918493579636994,20.75495797062743,54.24356839423159,62.78562356079028,4340.53866271165,6447.9690403954655,sad
359.2757310079777,475.79816532316124,5.285934659967424,6.11784246436074,26.60054425209922,31.45507420311546,3328.4940762909596,4563.4384198963035,sad
208.86462245462675,183.27473822920277,7.0735866531112785,7.371487347907263,11.59890514079413,10.215286204747652,2113.1475130031204,3371.7600411693197,sad
307.78299840272814,353.76451932020325,3.6455085198893697,4.309128829610899,11.741731527814366,16.49238149724279,2004.8108744021788,2927.8350906170954,sad
244.2418184496305,282.27032031833227,18.06752102106177,18.438571793616784,40.71034919236871,49.82872459386228,2721.211753931079,3927.19130967764,sad
162.46251807963117,219.72440565682822,4.298402204782506,3.345313239896149,20.43251304072632,23.304287531981895,1958.5863976912458,3688.745370809098,sad
227.5338151702292,253.66205525372817,28.830779836654358,29.93566847963702,65.66466421587198,89.02447958117516,4312.9584872290525,4705.17735821409,sad
160.97865302473733,250.3003518328218,68.91719859564834,50.00879917301388,31.65983911564984,33.42131625744254,2778.954802847806,2600.293150450362,sad
176.87139999401947,168.47203562039235,3.52360727549952,5.922767574405317,21.207591084288374,16.784494481298196,2215.39728537712,2421.104366136492,sad
106.22822652159643,101.21069723990388,3.4545769107699793,2.7630875836726796,13.312957941371323,13.166882107230094,2576.9197824616276,1936.8227165617975,sad
337.4699811029667,246.5478272793217,6.414888986255236,8.554167557144817,35.480205906070104,37.77862018914128,2275.8530214692883,1881.5073910502472,sad
518.5465172816024,328.7908852004904,10.947121074544862,10.611714348183625,26.59383461627439,21.083024876732633,2803.6655553711034,2918.4717010040363,sad
528.8228595834008,366.5897262643165,7.910752568458549,11.353557759774192,13.739630939730949,13.881834851283084,3471.58753134865,5373.441570149374,sad
76.06492915413665,76.62376473994165,4.666154555913378,5.215312457822863,18.463354323952302,15.506271649790708,1508.5167134575781,1658.9122554835415,sad
310.2359815218083,294.4497062384295,2.5127565799079066,2.650399023386119,34.23355571726505,40.07310887668067,4278.34192770986,4516.590001074229,sad
240.36727797756066,228.89800463638724,16.930733771336495,18.373864716745338,11.284854792372203,10.383893070466199,1248.159503188475,1524.7284538444833,sad
147.86739251129538,107.12586757542148,5.534085274791295,5.031298698712109,21.358039712029555,21.327034343696702,2105.5671234673537,2006.5967104717508,sad
200.64783704758045,267.43181267892663,3.9814884948786236,7.820052671547752,29.59578479689634,26.338178080572778,4432.511444276903,8139.848423684358,sad
193.02071761124375,214.59980843876787,6.372668732817686,9.05001334675428,29.112969647227665,61.7432802786632,2928.792242388474,6224.243648956004,sad
730.9311567554927,680.0498084487157,9.091037621856023,16.481530106930496,87.99153599291408,207.62031412616918,2976.5345653229247,6461.359611529272,sad
320.6174118235052,338.1770838613535,10.936509574403459,14.818334594520561,77.13628569908339,109.17450801055952,3572.4830202300873,6937.280138504527,sad
318.9530965914515,343.5305499953598,8.00855354868926,9.533041421185569,24.990095617857893,22.72541544759185,7999.309087995417,14693.8850879119,sad
994.200865242585,2150.4824843530696,56.58082525794417,141.75685621597077,201.12999774508916,506.7650618591971,9405.590855434735,18130.785914343884,sad
95.73461548557545,87.28248035961371,15.006186514484138,15.472311405138315,73.7615452711982,76.8269969979588,4424.255712920686,5709.7520898265,sad
340.36164024190197,377.6362811886128,17.57637265601439,11.868964482074736,23.67793994740433,30.028052671303048,5604.553042669585,7941.800033335218,sad
289.2869311811567,278.7614749477444,5.4881689366653585,4.9501645701720065,29.02580151773663,24.157119021427643,3372.2355738350466,7364.81664855068,sad
208.64252629915433,255.39125410997437,14.740372843339058,17.217332451978614,20.701130103105026,17.578162160875127,5428.972566436048,8976.092975862532,sad
566.3593414330484,430.322276540126,29.151263458200503,22.40661734912781,46.14231670856912,44.42222052516981,9933.905905554575,13427.924126149761,sad
558.4302762409109,736.3251537692678,35.398543962878016,43.79967359306943,103.47182904803647,118.40366876051364,6057.575375250251,7977.161309350954,sad
263.98174086485966,314.49795622928394,10.466237712751163,20.594979048260132,31.321031765574297,74.39247172395868,4893.598664781579,5971.393217088654,sad
604.7169124586161,805.8288996113268,45.19802128531432,63.01663532056963,48.0950715478452,69.56393131393054,3438.9882149073696,3900.0574835403218,sad
387.8480410526146,293.41146228809276,5.144445643652709,5.448555760304356,14.218829617297482,14.695658620978406,2435.676339986702,3254.633483037474,sad
746.5437474050725,709.4273875508369,18.974509980790803,26.71967632991944,122.51781196594617,135.5853838016688,4550.201362244999,4797.0721842355715,sad
2037.5179445362955,1311.3803430157425,26.027592381792196,33.88402234543835,96.93485884372781,112.91263589267888,20316.354407210078,17792.355189618596,sad
1887.4283989075939,1794.770445120111,39.07903542784425,48.92018786671839,65.05134933186262,73.20382833425546,74018.35365221175,65263.0887105362,sad
3195.6473478095068,7336.696020372352,153.1877952146912,286.2817522675079,187.16531112160678,632.5189125381208,38244.53488704284,42756.39299582579,sad
2880.5245876490476,4089.528783027935,314.4948429130144,336.5504014913795,383.63487572347884,563.0917388656422,27166.05211929448,29596.35390342406,sad
2164.43308062482,1654.5714052601663,49.364147189870586,43.15227028596035,105.47854423175964,98.83599379004991,8553.740533897264,7683.441724924623,sad
3959.499821752301,2361.9153272316375,22.190076346855943,14.046511427466905,84.67249490301252,92.54775471511006,10771.866912970747,14101.040860715964,sad
339.7567286310513,217.28556386739226,8.49005616696685,9.104803532113596,42.54914702950821,36.77555462196911,5174.132273410794,5304.305413310479,sad
742.0380733495496,825.1341515058722,13.057473141210574,16.46762470541037,25.539672217857937,24.327110101759548,7094.111841058069,7796.065378251426,sad
561.8268676074106,458.42624259261856,9.503120062273121,6.797337834595256,21.17116023190752,21.691876514706372,2055.9278784366393,1757.1053337500823,sad
270.5651985998219,294.9618481693897,14.08844909196909,12.792173310613665,14.31033398155522,16.66260472747118,3382.954780634141,2723.6251842779975,sad
599.0225387737556,667.0556017777484,16.31421630641613,15.810126562375629,33.662727008124996,33.66547177904527,6974.213659810231,10295.439861717454,sad
1682.9295422456423,1303.831533197823,44.1388326213222,28.48047804063916,39.427142944219604,28.673745652653274,17890.445125557795,26517.107636987774,sad
875.9936806230146,569.8338583416813,33.13090272932021,28.907818087220928,23.766568864629185,25.837731417299533,13176.015386097733,13909.665297780452,sad
229.6150058599886,257.9542071159754,9.247743908184642,10.147483257911889,47.49632074053183,63.32652973785609,6745.303867238586,7570.34982501051,sad
251.4286942060418,224.9837271845211,9.060806217218024,5.725195410213522,27.226768678575773,34.300048804507945,8732.905948931144,13991.539571407133,sad
230.2858731606935,191.75866009831321,3.4936892895034277,2.706451090340045,12.932794794860957,14.179787802910015,11126.6850421636,15982.70135097767,sad
192.88469289059546,204.01702874430129,2.3001833240050304,2.8723754200436717,17.38575181198024,15.86257500271736,11160.492456071404,10235.416832089759,sad
164.60133414448333,193.5393483369257,18.39210783289268,17.756781480923532,51.975390032943764,54.681259387655345,3428.6630649610042,3590.3861508533832,sad
122.29584873126691,87.89047914220096,12.604547366088413,13.443536421373905,19.272730845038485,18.537219483123824,5245.68307111968,6008.91491506497,sad
267.74899927229575,121.59942483923433,17.962374026947646,13.252296835612762,135.8877806330901,121.98958777514937,6604.839656565687,8116.192990128371,sad
1159.6165288646225,703.0303708775788,15.286916594119175,11.177214543353964,72.49781251688849,55.614784232081284,3772.6806646938553,4694.241507495273,sad
796.5578449743216,633.3653887169079,15.757348589608608,12.948494041636602,37.8126705155271,32.63990520540671,4432.075657614083,5360.7357232560735,sad
143.07957768871904,117.83523456390283,7.752998359055125,9.879520466098537,53.05012776051542,76.33042939476886,4791.774568783685,3579.9816749511924,sad
428.30376477857135,498.95668818085016,18.591452954427517,21.514505625181638,49.39009945505271,67.97788677676306,4973.181022221988,5980.304215860279,sad
316.37140706980546,410.12159147048885,10.206817126405019,10.677273632435448,30.16821425018296,21.599587551212327,3625.777918644489,4122.697550306118,sad
341.60163678767043,356.00203823571144,3.592893315308944,5.1797851748147234,19.249838029464403,25.678007442715955,8467.262448802176,9561.959672873138,sad
278.62263798892724,279.47609597556755,19.361797922983545,19.395241221029625,36.88532406934496,36.66366008699242,9985.704099351586,9077.2668640452,sad
278.5809577335254,311.09879383920725,18.192072832082374,24.35603047008923,27.72854408536636,46.33008312158744,5638.016536294986,5485.423011122752,sad
470.33545742509233,419.8507003505027,21.564850942425227,17.034227128747013,66.64761896961036,68.07893585605892,5970.2780250463775,5448.6636021685135,sad
641.9991022038339,416.6843125335818,17.12883769423059,10.618451532547565,25.500632299493237,28.424685264106305,10556.766661202713,11872.40742360643,sad
907.5952199224059,646.0621214907677,61.2138025756988,31.082762224814083,128.70560870996138,72.96675337210273,5587.40367385628,7559.390090310932,sad
163.48637276832227,227.56906189052216,9.209329440069256,6.098044103142998,16.479635253296884,18.731276857648457,2265.0572584994497,2817.4945155729247,sad
202.5858000248724,155.11210845789316,11.239881949054716,10.30782404700767,32.657428771785156,41.61265495036507,7408.394285295932,8583.917710617845,sad
152.7303898283638,181.73696332309373,1.9901668834388384,1.669751301793142,25.047173458735724,30.493189268886393,10994.868191642225,12592.897884452594,sad
323.3483443232041,385.12763964821903,8.3940356679491,8.005626822647988,109.86314972287587,117.38834406898054,12028.803901947624,14523.988102952839,sad
123.12936726099588,75.41530949049948,4.14188981109883,3.1659122434866633,56.57299962169521,45.30080352790914,9877.849324127417,12055.182159961496,sad
97.120014499391,93.42876112721929,4.915726935815985,3.596724560022351,18.323944429541218,20.500591187454603,1534.1856334491108,2341.7194598937376,sad
108.15426617573813,117.38818773494219,5.394349478716004,4.499749299835059,6.245676472576697,3.9267319825782785,12485.584554919726,18949.37501319944,sad
131.05786513185615,115.76539036124976,6.10798237106291,4.699332855835346,6.02937839954784,5.3513047078282225,17538.461458881742,24810.449044260684,sad
193.28555967523016,232.99864137306494,2.2384379131505456,1.9418487406644718,15.68193674231195,16.551733866115594,5935.919525371775,6647.783075439802,sad
460.21263714705736,311.994138942909,36.548602435319104,21.503555901397146,51.52450652823179,37.25924868878543,5591.796889602354,4963.485285279456,sad
128.70989058399985,123.19486467517868,2.8195691258807196,2.7869880942647787,43.506668965447275,50.88119934437943,13926.347798652456,10964.804305451153,sad
234.29174155039286,353.08231356767425,8.782223547622307,15.403766540991786,15.381869275575257,24.254187858518524,4729.471671226492,4319.736504378352,sad
283.0328908582109,173.69708957245197,6.786446308190709,8.794418900566088,40.18138707011675,55.12250619853403,7780.616480772951,9321.327520860495,sad
263.340046000183,260.81551716662653,3.828648807529436,3.4373145079084386,20.44933926839523,18.927952776084805,6888.026777303349,6028.177807776652,sad
683.143513214403,554.5701401013105,16.894294451536634,14.333384172410415,47.57663025493589,47.687877432910774,6253.560018838909,10774.255591796331,sad
1272.1177025400464,751.323291669635,42.18591772416811,31.856106490261872,33.576030504745106,39.24117531852142,8281.97357778745,13607.28575831232,sad
135.2687286484099,106.87184359807495,6.14059609395351,5.366430640297714,22.242404447308054,21.32951758210797,24057.313981260097,24621.61561261791,sad
1977.9549337278827,2163.426433440247,122.42483064368336,153.6999719162512,395.32425226259824,426.92018000685727,9959.616403720285,15416.647725438055,sad
428.4669123957383,741.0310309193882,33.45022185039432,35.666676774063845,100.94568737376571,98.85998729185505,14370.985833215977,16278.945398203494,sad
461.02520285101303,647.9998569482894,27.336460808183634,12.702229029293022,83.50894277991539,36.22020237506443,10515.007303967877,22228.19971770705,sad
2278.3496812096773,2476.2652008848027,66.178084929365,110.07372120778982,113.7707922309041,159.133971675205,21192.975087689647,32377.179914324177,sad
849.8661249303375,842.9938642462231,10.232667131645345,13.579162745429839,71.64833944650294,149.53005715241062,12455.777426355504,24209.96772737278,sad
495.78995623136746,562.6408583241073,7.475951572972428,8.469659711851062,27.401656100447532,18.889852149755765,14098.351893687543,21046.302759146238,sad
2800.5436834187035,1751.9322228239384,110.2607405198601,69.91659463945014,74.24494405018763,87.83380584987927,11298.138972268585,15260.699580918037,sad
2376.805868507278,2629.9161078383904,11.651996066557903,13.308673942776716,26.34277296319226,41.69042058254915,2916.852556960072,2017.3474138432655,sad
344.5009041356701,284.1600971424565,4.943962176103932,3.981989428687979,11.012572380672593,5.965470739115539,4070.514748271643,4835.136369909457,sad
257.3110156661964,256.4184197684123,8.436999600791507,8.467338281397696,18.50019535696915,34.63285138352613,6160.0908635559,5028.083202752682,sad
1289.2532074859723,744.1277092965316,54.46308215974193,47.68128524247358,127.29817024881694,97.04657271337312,8918.80821478557,9178.72953474084,sad
465.6276402570771,324.82580688398144,9.268782224777587,8.417384102506814,43.93297870008588,58.36239309066317,16385.278124141078,16893.79043653982,sad
255.06521039922413,243.62543308352818,13.997574713127635,19.114196455520624,47.031764025205874,56.02141552260719,8296.384604018423,8413.081794656011,sad
200.13254183050236,293.41226571258386,6.94369224114606,6.946200479247495,16.405962445182,21.605041043685503,18128.570553088626,22470.28549347885,sad
2196.191499898058,2292.669797978654,23.793680463056393,25.04182211442842,31.660531674582774,29.980188891945893,23148.682417582713,24278.1301087829,sad
936.3749767655289,857.6736263816811,27.781322371182252,27.665552650337215,63.370239872087566,42.279563050338865,5397.070766914999,4702.526103942489,sad
1435.1570616802169,1013.286274510141,63.44148093306541,38.34418521782912,129.72095633410572,88.46149077951335,3129.755020495598,2963.1913083128534,sad
609.860336677746,594.5788353146353,11.993200853914374,9.884689964156918,72.39323056388966,55.53448590679354,5135.0158517974905,6169.192815612699,sad
186.90929132833872,141.35519945674895,13.2794739788019,12.323397635213043,48.12663830398075,48.895090981684355,3136.823214989653,3657.5296304075537,sad
198.9608246407792,200.06482732729438,6.415662394465051,5.70922598972181,32.40923662385278,34.46560321919136,2689.9536874443797,2708.97500923148,sad
368.67007696777847,287.32115776729404,6.162830170652386,7.522672387371064,56.08475004566866,67.86757989982752,5344.102623988349,7191.671571883095,sad
181.77296034652457,174.9112151807414,16.74514434845595,21.69844226424541,25.621995574023167,20.955432917110397,5407.348334318684,5770.619951968684,sad
868.0506099925364,698.6617033011431,34.71213724541585,26.43068102207726,89.09452738793831,83.2863054095884,6007.678001861487,6880.30187260016,sad
480.02204538464247,463.27120840500345,13.969809740625847,14.35792371882591,20.29583584190177,22.227675410207905,9400.472819903593,10544.059035359434,sad
440.8026280191034,509.29738572769804,13.058960474632235,15.255571144161587,103.25269475583464,126.21992579104047,4513.031745323332,5274.007201440081,sad
240.82648158432607,237.91069694481448,28.542780317034246,33.925368489043116,85.20102765975017,84.80395720643139,5463.931397287196,8229.176122952555,sad
738.2229807355864,467.13504928439005,21.619437271698352,24.879068251248892,29.821138231268797,46.853708419693405,9851.390676896512,13336.013227073528,sad
2311.599925226596,1421.523835238629,56.220927908355506,36.25826592108759,29.25860623658242,25.451832625161188,11852.095161742593,14598.105945340478,sad
243.85582089356268,216.2974183280051,26.8735016432564,33.82597411559899,77.44598854812389,119.06856869870558,4132.543283183867,4948.442018901961,sad
90.97150237803147,59.1187592643999,9.506392282817291,8.49999600185762,16.505333625578746,17.164731443183342,5700.0469278137025,6733.896706734576,sad
188.11319772483452,160.15007461753845,19.615168380885795,20.14085138719824,57.97884969030771,69.80043374525637,5760.0581621078845,6770.006325561385,sad
212.31107563233095,235.35082882450055,17.60637744042349,12.83958133586278,12.530241202553384,13.806943885253146,3933.443183963231,5369.794872703635,sad
385.6228268793011,248.92051262867201,16.26010101613012,16.45213547067223,32.03736041429583,28.92431498409092,4245.319514502297,5500.663980783794,sad
170.83407746435643,109.27148236456445,13.36202944642154,9.013259330440885,34.6537302632994,32.5660590973489,2211.8154736680053,1607.3709919123753,sad
324.11620051987995,341.468987377605,6.758956165398218,8.650260919476743,13.37353662950937,8.367744350926051,6163.460529238073,6049.208154768094,sad
281.01328177710764,258.22955122777637,8.0427206037522,6.354589661338998,17.709917870548388,10.63464097502256,1838.5798665209325,1923.4132144519328,sad
266.7293105922042,349.7731915931584,9.514772799335152,9.944167384246787,72.85915674628323,132.6489145255827,2324.5597918531844,1949.4372550459898,sad
114.31574854043856,163.28053916376265,11.481904122620204,13.368866156066948,4.322707679788683,5.5061045538192355,4865.468529821252,7557.633484483065,sad
184.90988110341434,198.79496614258917,14.748753592798765,18.01658461486335,35.95243887005339,48.99372981863002,3275.1477340156152,4633.429098460642,sad
606.0441963836298,460.33715180460604,7.847677820525062,4.894430305503778,29.712060248519556,22.28318918841003,8173.72035644156,7098.53893740898,sad
3979.5638478629903,2369.800516630141,26.174145172783597,20.65720935354754,180.66776163738223,98.37821882575584,9126.009645215066,8131.209121832103,sad
516.8405534221916,537.5118656919427,8.127329392433174,7.710332478012886,33.77370848801281,53.27178851126452,6776.284169467477,4701.636167357882,sad
224.3693472010556,299.1510377835097,15.581088347195161,14.385517218578597,26.583203985331913,24.97095836972245,3704.5269887036216,3619.0167697946868,sad
367.0788977841444,550.0829101926837,7.207494638173522,6.996839754025852,21.668586283642885,19.475587308533743,6463.107921241702,7314.519187069165,sad
223.88782474104852,289.69765233144705,12.457524113944347,11.709873976743845,10.579812035046809,16.36407714573541,1844.9257357827714,2914.8253621152267,sad
75.86581108536019,88.37087678798197,10.762918657684626,9.830673914823192,18.75272974689418,24.34793754164141,1971.820668449733,2002.9996876697267,sad
125.71141785857368,145.1686987965039,17.504696334081476,17.454044563858737,15.430385061956693,15.880380603688712,2328.8214673855196,2953.380800716072,sad
75.2059969516047,87.72411114915049,9.079660620283537,9.8086416815062,9.588504605632304,8.137674132176809,1305.521621860305,1121.9585575692856,sad
188.6752488401714,219.60933623344886,6.471015374435973,6.992969643462454,21.796526245100278,24.699727796876747,3609.312955738071,4060.1210329189257,sad
141.40964303061614,168.26666925578533,15.751979173419759,16.796775774813806,28.21219062057216,33.84359468990748,1858.6732770316708,1724.5532135654305,sad
1178.2190445844394,855.6765697704226,24.0962955920011,16.942648304730422,18.20964596075938,12.90064198245088,7322.760235180824,7547.157968011898,sad
1112.3491907044674,690.7551162257132,37.76997976930916,22.853896803105272,127.57280254115129,91.74630968661684,4421.003910711747,5743.251805403893,sad
208.2099195085421,179.1187750580893,10.215727420110623,10.74924450364155,29.206686998020295,26.315032916455632,4930.986691796964,5423.513731468569,sad
173.3355590422637,199.0361670351656,13.920675005706746,14.407847189904032,53.348118311663576,58.646384556782046,15765.041747968555,18870.50390605552,sad
263.1062584038222,284.4440615208356,11.187261299939209,12.948678026502153,106.26008924363275,147.16271610768658,2112.4280444742326,2523.6319303426812,sad
414.3279713129346,376.34137217329857,10.315496274970652,6.053801154310479,33.16416134377512,32.3880633833421,8124.218130229355,6880.827801769979,sad
413.54479025719775,396.8573828455424,9.36409561608193,12.055627720479851,41.441291532590675,45.03777849412611,17859.535350111848,17433.545349262884,sad
184.57163005850046,175.6619088134506,10.407531120913102,6.657754205287397,25.127403619589614,24.4787932688434,9163.146719696113,9376.118761794914,sad
164.3864273904391,139.8925350926174,13.323330201353816,13.662596164286034,21.356256743096196,25.024516629855814,5377.8026335751565,5565.327060511015,sad
81.99558975428144,97.24296593153177,5.541579146936363,4.403966586032671,36.87227501243874,46.99549376016823,5927.993131366578,4702.57706072124,sad
94.69671469447567,102.69198334118406,7.460116217112612,9.753577445907581,50.17882022046065,55.28999672072803,10529.9220406611,11204.05253990727,sad
403.4782491788688,328.91081794616235,25.05493896719184,21.267712212957047,74.63651283821955,84.36602217558766,5691.520699632247,6213.978617848805,sad
421.1458101366429,390.6435896945609,35.127576671184194,45.145265424939566,56.61994229215777,45.268225117219345,6522.977000699787,8194.311251620678,sad
160.04523731900602,145.3097174590943,6.111492374174219,6.803028359411798,39.866904051228666,40.70955062470223,9299.340057557567,9566.298420100435,sad
307.24432502088047,236.92533846657577,19.297111266700586,18.24971462203451,18.899320058029712,17.370222572510247,8379.808761136605,9593.955316222893,sad
383.2112026554375,327.25333606139895,20.52691041281679,22.784012752402937,11.764840337096008,11.078118946396287,1558.559861848061,1625.1446414455804,sad
236.0874328198835,121.55047221681015,8.27189463387904,6.465046275041094,21.61379756843301,26.050716960726167,1265.9997554368413,1259.083407118568,sad
123.61101854635027,92.31411054701665,5.036682815128372,5.568505206773658,13.5575101734168,18.087605406636307,5071.1370583098105,5763.878678418026,sad
227.15227010279858,236.00633258596704,9.107619699529582,11.670857526115231,72.83199990822077,86.7165444728124,6715.218736203291,8627.3656821583,sad
186.46293771649812,220.79231830176107,13.580196468359228,13.784053132002423,52.59692879052419,69.38751662856751,8498.810943899722,9841.38422112668,sad
199.93607431878488,257.28192487833314,11.859362653497488,9.585086318749143,19.4982127200818,24.082400593867074,6396.705062352526,9120.58748143011,sad
166.39293434532473,162.2149262504491,7.982474745456362,10.382597314490594,24.51032885116073,35.256541457450645,6792.902836798749,7573.224738135082,sad
237.17741519672185,298.57742854021046,10.807667610834345,10.284252609514297,14.436787682196966,11.427055154734273,2694.2731892628876,3337.8909188036528,sad
302.16862338553983,217.45203515823897,37.14809362634296,23.419126291895413,27.981821930611552,27.18463945574363,4999.794084719432,5994.31068961619,sad
163.27448140334968,102.64998417656145,14.97658548651284,13.087170092860948,58.95804023705377,63.169790149719915,2554.2839144360346,3808.2561426221373,sad
216.70165738360433,157.1296910409329,14.72993320280305,17.14149764364865,43.76895690529404,72.7778670339987,3877.887798822781,5373.977832405557,sad
1365.7445413387104,1024.4152042178725,43.19762160449541,28.406995144049557,58.56898229052193,63.73499382037642,4325.147400279717,4784.921271705998,sad
737.0243123336066,546.639629260405,16.553890621925156,12.071607587611567,45.38332741135927,45.069949108584446,4075.5997643449073,8477.390015245499,sad
246.67277447537808,405.10228024789603,4.282153479674478,6.913275806771586,22.714241379729774,36.18834016554604,8649.07697795858,8456.275030522973,sad
248.95956548984978,358.3026447328911,4.357511989193733,4.928258550245951,30.4033238941393,43.31484788868986,4321.118740435962,3366.6369005828205,sad
377.623469880213,645.0239857733014,15.403730476685867,13.399370944533699,10.979438475723464,17.302054197258236,16487.307402819763,17435.44647979185,sad
1814.5751034124837,2991.8554102021744,63.96587030816802,57.19413990383178,237.79420623367793,146.95376638167122,61527.63260960292,57050.39439313484,sad
19557.668555706758,31774.83363683444,834.8509111090988,1090.7861369805573,1272.4634530449475,1583.0983524923797,127104.35569732865,93804.30685868966,sad
912.5619709973932,2426.39554250918,49.26692993914776,94.34482484483375,235.13932531484832,328.4913551981957,22496.387676167727,14454.792274259597,sad
531.7879191897784,466.4834837215811,10.540597819611296,9.674125925983414,36.82217704166377,63.954771105236425,6169.440091062509,6073.640987699034,sad
872.2259269598353,668.0259057796878,20.831307554436254,13.16200870602232,62.89995820858497,63.8264496490177,5381.990796132412,3381.353579984869,sad
1597.1162563226278,948.7767851137434,71.50664954426489,51.641474160458316,99.31525558994963,74.64790464765349,2442.3124908284667,3588.1737650919395,sad
276.938416474707,354.0782939461962,6.708288080236086,9.083549943868801,17.57786633811381,18.95468786980261,5764.077755018007,8340.140582258608,sad
116.93594349010449,186.32062107720313,10.6500837153953,12.566910149704885,13.688190340773778,14.350695605118917,3546.045416956917,5018.6644931079445,sad
173.2855826468314,163.30767770797277,4.6050501341208685,6.486709322042857,26.422455422060313,38.79023721388482,10795.398068512264,14342.580954398461,sad
270.3546738151083,348.5155404784042,16.860207239772233,19.375308914535243,60.261239997808595,82.53971582604649,2417.2826411522724,2297.826075462558,sad
201.3940015779406,226.81922617952782,12.85717689280797,15.579424664085012,35.23000625184517,39.532047986175215,14869.803841981842,19043.932166815957,sad
200.7001000787254,451.89519914526767,14.641473693246406,27.126750920555587,68.16837057983996,109.26775703943493,9858.890475952865,14569.362506527581,sad
67.20759355947847,184.4124679224897,3.1108971451541443,5.409358162075747,16.905508199386993,19.14103584272363,5801.826032348416,5985.035025572931,sad
220.75523683677335,206.76248005090883,7.3306254104399695,7.517248032122801,32.79969980654038,27.99122190775128,6830.632321537012,8995.666394965532,sad
308.7278951518452,414.9841690186859,12.689511002144958,12.481489871008275,48.02582900693436,50.12538063116758,5534.26229949709,6273.724969715135,sad
555.4507698445024,371.10733952631796,18.16462891040686,15.471820833175427,123.0987772103106,42.013980321208464,12692.414517535639,13824.492618739441,sad
1253.1552674379618,1053.2517860526875,37.526486054256814,30.82845273579206,38.95584189675919,34.239251224545576,12512.74323440061,12022.797219427588,sad
748.3091985535054,600.8317011099945,36.02676664777964,28.959451082579545,31.109561426910894,31.612841645241286,3473.0682073708717,6118.858631432492,sad
533.007768594067,468.3668965018598,10.194978239227975,9.849624579616833,18.875903931739675,25.571335503727493,8379.096320775196,8861.447472364947,sad
221.36141485849103,329.8852563356341,3.015517006149154,3.275295058987885,14.768901725472597,13.016407214580145,3402.734719236819,3649.4304009843495,sad
620.0722635826354,636.1069918789964,3.9317634580092053,4.976628710658732,22.368456825950723,22.715248378657243,7168.377214343985,7542.401415738765,sad
335.9151646110818,343.56526587314426,6.965722233888046,6.3169405698568735,31.39730646040072,33.90765761423456,3462.1632373140164,4810.958642187131,sad
249.24868042831844,297.6443780064634,4.613443934288427,9.954872429362453,16.830681258629234,31.02313737885791,5844.581495421313,8953.666666306885,sad
102.34307038802888,120.27053184895976,6.152092749204532,8.9088783180181,11.273305338728335,12.75335786183828,1935.8142923395956,3336.802069326667,sad
197.94649450972034,255.94863679309796,2.5399442515821526,2.397656339914829,34.4640593768243,43.13188987190842,1515.045371504723,1312.1796903445136,sad
62.43237962064899,75.21794040940266,0.8985944998564946,1.4884317119974135,32.00026891952324,28.465190433712078,2477.104243687212,2353.757576843575,sad
104.15389045911586,99.5500142326907,3.4545860172745573,3.979177170112959,80.17607099924969,110.03511036915016,1689.871970263462,2186.834280554985,sad
82.94430068429311,61.885644040447104,3.4002902649977567,4.0878505937754435,9.972263466677273,12.277567183862667,1105.9784406147894,837.0437420724281,sad
194.45687685340565,276.074999885753,3.4041364988932368,3.621186940863737,13.68299522258353,17.3198526153859,3836.8329536482956,3788.2635102802756,sad
122.12790172026136,94.24777409468895,2.2433551577374007,1.5442814372532996,14.561574089018196,12.651455378704076,7059.9273015407625,7960.755416499814,sad
340.3200810176214,372.2227696167424,4.9102901509796535,4.051703509220195,37.501033253726696,38.38779961744721,25571.282864905686,28593.648701918853,sad
241.18223681037298,252.95224547457437,6.179645864755618,5.99585717658038,67.94067392777393,75.39490431611446,4881.614775257914,5005.588003586129,sad
364.9053951194751,489.48922981941774,22.528150383516977,26.50768763159437,30.863127492464564,39.31105963813542,5396.811741769193,6227.958360133538,sad
116.94522868918479,115.6895415436562,7.102390663063885,8.40946217360729,56.284000546930216,62.13623038774674,7044.412283584162,8836.781685620319,sad
587.7850314498681,612.7055602571503,8.060806176490173,8.238398189734385,70.06059900369885,85.57658897049792,11807.431774563389,16418.835151947398,sad
97.17567693028253,129.02411235866438,16.21801195446127,16.80444551565349,42.42325040471278,59.34946443322808,8765.999170206956,11029.213985470808,sad
84.83805947810227,91.8490453128564,4.230765703520507,5.884860898621646,7.647663142395899,11.337600728668635,5538.6609766903475,5812.875710177547,sad
200.50305921069364,165.8053356607314,7.492572681570314,8.801007787372246,17.768295939616415,18.435579529554698,6965.0323345925735,5832.820423454255,sad
393.80141200743975,436.34708193446653,10.36584421844512,7.092335861666713,30.088152436540632,18.638635197793537,17121.54339849489,16170.404415446576,sad
151.4922217417381,201.34815913271385,18.176764636138497,23.741963853591862,33.77791788845566,45.00694513066003,2798.362276909697,3780.06447041885,sad
179.68855518444306,185.1980703319978,6.127452034157762,4.545958962619432,12.310648990166015,10.354210226232764,1861.2416974352022,2263.9759254090814,sad
56.01271491496705,59.157276775564625,13.233724400453491,12.052320165019372,14.06396892156767,17.628438685217446,4701.632932537153,5584.121679779232,sad
66.25093079905595,67.84003784617299,3.7060753339251,3.7317390948049853,26.309170233019334,32.22405490326935,5538.644744795191,5093.987937428349,sad
85.05985946197241,106.1692477183803,4.7937929894850795,5.3137825562674825,8.02986351533443,6.906305385000608,1581.740820189946,1975.2811940245163,sad
130.4971102429632,147.291502643855,3.739365300604313,4.4445547660528115,19.147685328946427,25.135753606675003,8366.879269488125,9705.829636985785,sad
59.05168733931875,108.1305689054379,3.2681513437328507,4.450567932686755,20.323586890282165,17.844611231740462,16137.907091584691,17416.679782265906,sad
525.0685682803963,526.4749698028238,18.702755572724076,16.05080797633648,40.429332823456605,53.01970353226633,12591.822534808016,10556.480281736101,sad
143.47206161317402,109.09155649804022,17.497377270670906,13.11036300491215,7.501822124448509,7.1873230109506805,2922.045917194548,3386.681793012147,sad
147.56413402199266,164.27327263391038,6.231080028205308,7.986115674166429,15.263226258593248,18.621488542228757,5551.380899069408,6731.530267437411,sad
98.89687376482642,111.97909294736901,4.570569067886255,3.986593304689642,4.660621682800793,4.610380890541102,14106.347391032412,17558.201255695374,sad
114.02322134116416,115.04353861305648,10.696205095491989,10.286690812011924,21.149904369998985,29.24015197984264,1697.8216728402115,1598.8371244430114,sad
72.25581052206017,73.09129512689381,8.099803809361447,8.269420606900104,22.24953281429965,28.303989842289997,2934.2489987394333,3504.857308410203,sad
492.67010342983747,540.0050032554171,12.135700954871906,11.519564156546085,10.721309227463975,6.53153726527019,8940.83576958948,9509.644139787877,sad
324.14631925862403,328.40314406045053,12.340810440439896,10.67401587719689,16.481398153479024,14.434988803353324,4983.091296852113,4345.664938308785,sad
723.5395766165918,728.3683931514068,15.050315504226848,13.657203479141547,49.240949854484214,39.95507489595844,5437.06381762853,4595.250238989286,sad
28.576876996082373,76.38839951731966,3.990505371736384,4.97940015686086,10.920186894043095,14.959949794253578,2474.3914727358797,2619.3184478870585,sad
276.09636380906124,247.63500837606594,15.999156579416605,17.646682327018613,15.743669363506102,19.47848784717868,2869.746852946722,2455.9257526830474,sad
113.65842459768608,96.96245350587635,5.930199273620422,6.68011315505522,23.709583957982822,26.66575495307839,3985.7635956877534,4450.38382042969,sad
221.8016028101873,217.37633048035735,8.732907996941416,12.862891838337143,67.19614972409461,88.9453011664859,19216.751856667488,23430.154848641458,sad
110.23629161255941,115.26504291998262,2.85114949886681,2.8841253450021265,16.008058420662156,28.874210325065736,20344.908388377633,22564.798108531664,sad
174.1612813602901,193.19961453056789,18.253774960418184,19.486008203719088,35.75827980691961,42.62550682784854,16872.992350239772,15466.205781201046,sad
213.35223447660837,198.7593730859018,20.393030767662747,20.465528829000213,66.31374075726949,73.8820272546611,5021.422673390392,6154.502100545177,sad
38.89622684690373,39.52803669015926,2.6590719714629194,3.2248217202744742,14.483909049424536,19.119618403959986,7552.336412345922,12021.011173826844,sad
374.82411253290945,288.3135514444097,16.61638025105098,10.337107742066872,23.736777466987295,19.112603581618412,1815.0291465629987,3306.7527154481954,sad
2118.452841707643,1510.6436237436867,43.9994167472103,31.19006905519213,20.64755133946719,14.452517900210195,6201.9551590216015,5371.301690039108,sad
228.6756855100289,221.08743194672954,7.960414762572495,9.035154328622529,14.017398117241271,11.032557690404365,8565.73350034127,9674.824712812331,sad
350.32922300676154,376.7263554693991,6.9001614098018935,7.113601939637015,27.968289759988163,33.49020768523659,3172.468339770803,3604.917278458299,sad
64.3393325911159,74.41781492444295,4.612855406388773,4.8005132408824025,12.569443292179162,14.515809811283754,4622.634046987631,4716.01960895832,sad
51.83583012094094,69.68649190658616,7.975757386349348,6.833740658230204,13.405042772187997,15.100614114839946,2254.265044957345,3183.255376805578,sad
183.84674660466075,234.03079837871374,13.21361413626,17.073318580949497,16.33478080165118,11.441711187286481,1827.1437420193488,1794.0727844421137,sad
74.859603113926,43.332578702937894,8.216160172142205,7.2751155433064705,30.934672736154603,39.53082809506816,2711.8800027235548,2689.7247624467354,sad
153.51161288322393,190.73229902906994,20.12218341307288,28.15877703523222,108.60916513649728,105.9032001206003,10114.147689855885,11605.419208902013,sad
109.20707174376848,103.37030654694031,4.496752695197822,3.663946227749718,30.7948459626921,29.896337210082613,3376.0055636004886,3538.9084605378116,sad
73.11346945897805,73.69775399955249,15.815794752149245,19.184881978597925,10.918508007673234,14.463337145693144,3582.307147830995,3231.068106377505,sad
124.22187328487033,105.67176894598317,5.991668852835254,5.48622945834616,40.47772524654152,50.875804207172294,4049.487201931126,5172.065557238026,sad
243.33898179837678,239.7911640875457,2.959457265383859,1.32037657247665,20.691555871240976,27.14089846900251,3088.6391029891274,3189.594471642025,sad
268.78664874140907,344.3950809718786,3.3475237735041223,3.746263855888136,11.007057735863787,11.682252019519295,8460.030946321998,7707.36521768681,sad
25.424222601731774,30.431013593197996,2.5741644280942757,2.1806210432727786,5.652447399820891,5.875342726136379,1358.4794392020867,1358.1519342848612,sad
165.9017467087677,138.32978947657637,16.270994298022007,14.642187990010957,25.967315047056708,22.00484302114922,6315.686594563609,6738.861462648258,sad
634.5560216694176,412.2581435772207,40.123373503742705,30.330617467247258,50.657982211192746,36.96233433469778,3166.0887609963793,3752.2104016682106,sad
48.842852345952274,88.29622310098286,4.577046580354298,5.060642508080131,12.625918143717616,15.78023524801466,3143.105101172824,3007.1565523253475,sad
105.98198229111006,141.93491546463977,3.5324909227975967,3.331860333639249,10.284710564686437,10.852675285024507,3608.439131246504,5014.15973008815,sad
139.31806003064273,133.9598733869909,8.876576876683034,14.209201436055931,21.11098774140756,34.98820055195929,2446.0163697252465,1526.844089802771,sad
58.5967857632805,66.85492576384722,3.7369844703359547,4.452848772617087,14.581985911304384,17.341101758638267,4163.5275951682215,4431.544148013008,sad
70.6987708101221,107.36904554499813,6.563908335923932,10.95012042353232,44.138009922928475,54.87716290817367,6410.027108316864,5514.724454781629,sad
79.952749057813,139.39261725953375,3.4741990956991806,3.662878656515801,23.04274897894691,24.409217986458003,4860.371883679676,5122.1011659554015,sad
228.31424819740695,192.5454047086824,11.161944636116846,12.618234673514468,15.511261449503525,11.66448488256729,3711.6983291388437,3968.689249315852,sad
138.50790329997986,98.17616721909776,6.582636503811813,7.568748074844094,15.420318756846786,19.002364270265247,4134.846921156595,3665.428360181121,sad
869.6989554223941,710.4433315888529,22.3736806893648,16.18588254589341,47.19871743001847,34.32303656439963,4664.993240514856,7552.629959497356,sad
1119.8989244405254,778.703109912318,13.22563700781423,12.611115763392457,15.418251432839124,14.30206903937426,6081.735974474482,10670.430874935872,sad
75.52223565126822,66.06461141082268,6.359256021470864,6.167494713881299,15.898413296095296,12.74005751131548,1929.075055135925,1998.4175868052687,sad
103.2675076535987,115.5572661992435,6.440468858031556,7.826767295534634,26.18502857813193,31.73603513780844,17628.610004937556,21097.553074017367,sad
139.95910648899815,141.64236108002837,6.936837885388201,6.635995271978259,53.442720217660266,53.23803305736299,26385.595392218693,25794.39012480532,sad
106.41207771441698,142.45212093370336,6.07623620291876,7.848188449325006,23.715649054769244,25.57029357262086,5977.246074861981,6947.566349105565,sad
154.05224207880315,245.3325690262148,11.280739505391924,12.07414397503182,25.841464386724763,25.362991103382456,1239.6714737774814,1870.5659955529025,sad
325.1745661694137,438.8868819599024,10.58242352186409,11.773353679430688,43.040865890501486,54.601998083029244,1345.7240370723325,1592.7003576796383,sad
280.69481758193126,258.49354968525444,5.045002386951345,5.7292808727292135,15.01125659933179,18.45689428208496,1135.2866927891523,1576.7914979428235,sad
945.9378676638672,860.8846836559951,19.893066143301407,16.13789526608997,18.20911700364967,20.424010098950465,2955.667542019554,3163.3672073715657,sad
555.9737744921634,389.33605068357275,4.354891943129455,4.3437461293480455,13.051349131543564,13.624344245057012,3528.4884231688425,4145.559797781655,sad
106.35645471529897,159.02512210093454,4.719966871025039,5.299929523105949,8.726020008458127,9.449788265481448,6897.714167150415,7425.720768147514,sad
61.501255314175424,54.96324901117797,9.57447585928872,9.457523912685607,15.396336454942666,28.728313800096828,9161.355506721162,10196.488563856286,sad
100.35354076625855,111.0597983195377,5.354328670703027,6.863462257264698,5.779154215614487,8.119014752460318,2409.4326030547822,3493.449151334217,sad
101.94611644915496,122.6182254443272,3.2331664458474534,3.9732800969162736,15.504250499640946,14.924917801325151,2055.52075158009,2165.0706617462884,sad
159.24485064398985,164.8454677894355,6.1894135353215995,10.880588437764056,17.532558414054982,23.795546526626456,3636.0008698155943,4324.9645106409225,sad
98.94409819402733,130.58319910711757,4.187013705295145,6.114108591338835,4.265546482048798,4.916284208547573,3043.525229368658,4097.618327067408,sad
611.8730693422783,451.3113232112307,14.821026891686516,14.57024305509459,18.133829367453522,22.73988131714783,2307.7594439470404,2301.7103322037938,sad
2174.5830344755905,1505.7825758582137,38.57615028901494,25.958283390950765,31.553606941961906,35.35925444864353,4094.3394301549133,3915.652857388869,sad
731.6523315575226,540.9796074549433,6.9953774114780485,7.4491117763514465,21.154115550378858,22.3097315801185,4022.852713787558,3803.6428826508704,sad
2744.6499696758615,2015.1061612362857,11.954727270545579,12.391484526565366,153.5353720752069,107.2995768011775,6703.2200655753395,7262.762227348449,sad
549.6414903937448,622.2819782422355,4.360472747223869,3.01895516114791,15.641952201917215,12.695376152444293,4462.366126245076,5968.988201484821,sad
221.22605602580032,268.4548090047095,13.450216458113337,14.092744059528266,14.343562584095107,11.493252599565116,2095.118726215036,2589.122557956922,sad
863.191741095683,616.6085445887251,22.945410386675285,12.14321829777168,30.61457768972648,37.46792525503525,5790.352741968142,5013.713823873012,sad
635.8873792600319,644.103691641876,6.169970041979522,6.018375193559697,17.162078709111018,23.278762156105735,6677.584728395767,5478.495896377234,sad
67.49511556704981,71.96994631247313,10.475431900513328,8.477701123256194,85.99094182062244,108.84998151676304,3955.3108001001815,5289.3244565711075,sad
144.80246492991705,142.05246507646322,11.2347889725623,10.7838970009723,22.16399876938146,21.644302153596332,3569.9651620607356,4441.675707584343,sad
939.8884558813078,719.4243416708174,12.265472320552812,11.447336518479242,52.59053095373561,56.757071244050564,5218.873201372154,6334.336853309543,sad
1721.7729355241947,1272.311949067482,28.217560605973183,20.7338407713028,17.908675508937655,22.548803514735692,4396.5006860547655,3704.809048749534,sad
1409.728069047693,2113.5218828685984,12.371527326199478,19.628613996680873,48.28553551173576,63.851809957264415,4200.499889134291,6907.976687679004,sad
204.38803784575893,325.9922783378524,7.37596591298228,10.207260278723966,21.621326146033166,16.250826067807086,3114.879603439441,4722.321925057772,sad
329.4817227105545,306.24079677583865,9.488362489444436,10.43659831094911,26.21635260169608,24.091916652797597,2556.5645326354943,2658.1992983854793,sad
1275.6857839134016,1092.856657148087,35.61013469758382,28.9899870320586,97.90811993949546,70.2012292608868,3948.8503852950166,4630.416713943938,sad
208.6188375781533,307.4884436738074,8.493082806815854,13.210637800632693,27.891371674583866,34.291341109090396,1236.956810205191,1363.3284763469615,sad
327.6997496681482,456.6524565978986,12.061034509045664,14.2222258060616,17.838119201584103,17.652678569671032,3109.436823073042,3142.6781134621774,sad
111.26627302674653,125.74299857075115,1.9130803644567853,2.336895347160492,51.37394822333859,54.56485265240299,1937.0461199570805,2217.7834233423664,sad
150.11397003587504,170.42364707214298,3.420821333080788,4.125570496544413,30.14500877332833,38.95975477391122,5994.32011637273,7351.23998577258,sad
194.6035625001557,219.83474493979278,6.888892764972688,5.641105547548123,16.233884594059028,17.464869349862937,9550.486602075138,8341.724561299956,sad
352.28218021120404,368.3116710256954,7.080376207674627,6.28547597903262,19.810531823847022,26.2327791012049,6403.4376736365475,5977.967591750203,sad
154.1831813260729,188.69890543375055,4.80252173072996,4.4716333951714144,27.29177738213154,38.348054793586634,8602.423397338189,10845.916848591329,sad
249.35248443899303,294.68666945751556,1.8467342347398077,2.1168750659812625,12.666024981583472,17.18563092076474,2357.627514180957,2719.4833711661054,sad
225.41492053128576,252.24161152747817,12.167301378860454,11.878404316409396,14.656312706317342,16.547392414805564,5988.392080258804,4997.200300391194,sad
462.280287393745,478.0601498627545,18.16514582253498,18.621437792737527,34.99560600565776,43.52126617459963,1352.8812032580408,1162.1565296122214,sad
946.086770350548,711.4219172406499,34.58687945143662,23.26362677998033,47.582368395964224,31.888413859673697,3338.7659400433727,3053.6212699606867,sad
1306.022725957928,757.898032967466,20.931267888055487,15.258135809163212,29.122744487649072,31.805349695426525,3180.3022493797716,3053.912645705605,sad
67.1582360296823,79.43495668885326,4.930076843841397,6.478165708928677,14.001447590170253,15.216411719166349,1586.5508262371109,1871.7533612503705,sad
221.96783520127545,248.776033403467,3.7203442102413837,4.234610231429476,14.375932090538111,14.833916805709817,1292.3656289561925,1315.989820092587,sad
124.86457567930458,171.45024463494886,4.799913550659219,5.189392315875275,9.983449991482631,17.479133724227893,5231.340596047153,6683.816870410413,sad
381.3710009426026,427.81368050281327,15.485921435691372,15.460372745237398,31.86651357413017,32.4604981538606,4965.3724682828715,6484.43848131869,sad
368.0863147433086,352.260951740247,6.312906912942674,8.315616515448978,19.35912071900741,15.08485390072749,7677.2261627488015,10728.664672908417,sad
400.9900823856686,380.97963882694023,28.219457617724988,23.37597012912276,39.60874616108436,41.944753135081235,12000.015453862894,13322.457631173269,sad
164.79777895579,168.8158504682789,10.098687685433612,9.004332071645187,19.203370595555082,23.19185260160924,15536.995307236424,22971.306749962223,sad
56.29147613399147,65.99039555616937,6.032982379363754,5.082582643327248,17.286388993564167,14.748754766886792,3651.286840143696,3199.803823306985,sad
53.35316525591146,44.2573878556589,1.8185911584346548,1.522706829386914,19.888793574567753,25.62528819828913,3184.161341571141,3257.0659538631085,sad
72.61195976492816,79.85972208535085,3.5765916204282826,4.514083401602135,12.245280836961355,11.588830961179196,2779.2508723800065,3384.73241264503,sad
238.05967710617224,304.51837833554754,3.8314788483480355,4.378475082648659,10.86517532129992,11.462132376974283,775.9319625468659,1134.3521346166099,sad
66.24339756953984,78.71098335363695,2.2033957814163903,2.767923253474841,17.63034677115578,25.928862266688018,874.8264051892437,1292.8261540069072,sad
32.74252124091869,47.188074659959874,3.069796932916035,3.7064253141590506,23.13199170672189,19.16792747492673,4263.415233353396,4056.9399909995473,sad
196.87178775729836,183.28348430634856,4.246598426759594,4.248308309910585,22.906050220841333,21.560471221804736,4648.139624287179,6112.617825718226,sad
169.19876496050992,162.78779119913887,12.359448532536879,11.898168411856625,13.728838980921713,14.137445195938838,3788.7007602248677,3197.281219116488,sad
24.894851611471307,30.789399087961446,3.3295014755073096,3.7231666797226572,8.064546408637895,9.309428494370101,1266.4034578996423,1669.7145699503108,sad
194.2716391257039,168.76974939353045,8.961773067451242,8.789997586423144,18.671942070022332,20.819694741777862,3028.397919554512,3046.856984121502,sad
143.6332020284568,157.9837357878561,8.580606007408836,8.242930013923532,9.852952704032107,8.60068214061445,9464.572358841806,8025.891240618706,sad
180.8679289384184,117.05595758154449,7.846954561040489,4.215191856150862,18.218807041103528,15.946658297403435,2202.149419019031,2410.386511331825,sad
98.48360952839032,114.18139173500197,10.927575392035624,12.878210677421645,90.04361167986738,105.97814453511288,5879.822570993622,4789.784204801833,sad
39.87615949803553,46.375095641353276,2.965269245803621,3.235896199729801,36.92970009032717,35.40810040506204,4235.752136668057,5122.311554532911,sad
246.91867380405026,158.23811668872875,10.986717570249784,7.33265383935627,24.830197483294487,25.977123623593513,3462.7967158163347,3901.357027290001,sad
545.923268150755,457.49153578023186,27.971232882328678,18.977030273519205,102.31045096010291,93.78723481631877,1668.2703671031597,1978.255241672748,sad
128.59347476928946,91.8754811231375,3.2454194085712493,2.68549615797008,17.335131396521273,19.144583297151083,2706.2674314554883,2218.2508597980054,sad
100.43017205454467,108.00596016711503,4.178004236412263,4.011064681419013,31.807202483740326,42.33917211224108,7518.755447440753,10624.983843059372,sad
185.72639379816994,244.78526092199738,15.130639692955233,15.619411169292858,20.488079750354963,32.03016375772579,9318.830426139595,10338.077820650042,sad
453.01708446885743,561.9213192426495,35.338861214930226,43.10749234498088,40.448480807741696,38.18514891575772,4108.416959268939,6137.374001247642,sad
219.59382551158114,180.9733556619859,11.251882491747306,16.05651813316651,17.38541919424164,19.361873671301943,2301.5586191400553,2753.4468436711636,sad
171.32844808737113,133.45770640476266,9.47004232491388,15.320587244178128,43.84638641944374,67.81064102525634,5845.790163799405,10296.162916767844,sad
733.9087058985308,1049.40850060043,29.978247765049325,27.191676702451304,27.174540477764054,38.125373036059955,5445.07552239112,5096.32453985309,sad
661.0387344366569,841.3080837895926,15.880022344561032,16.86283983195448,18.555251238554018,22.63718613401744,2403.7366950106734,4011.9564922502527,sad
977.1977508328907,628.4110251465619,11.2823275522872,13.760714666040608,56.1222571436733,38.48832132719986,3237.80784394818,6870.569283602825,sad
87.43226339513585,151.9501100911188,6.8590731551936015,5.600064195721022,4.81749381827177,4.848509362958964,1525.5573246938159,2242.6641501611193,sad
107.50467303300354,86.89481254119777,3.298575090367961,5.1569857742737,17.369313631725102,22.36793784394961,5363.939628852916,5553.675592149312,sad
341.1105953870625,625.1766965079025,12.608173303618674,23.931293949474146,24.28054552544224,26.517532403866134,4396.050044581209,6405.44106156777,sad
134.78884519163054,191.14402889965098,2.536887715309519,3.9613733451168414,15.079527342504889,18.24264857166001,4527.5640751208775,6848.390292915977,sad
180.51136541475222,200.85000547109684,7.62811667198488,5.860541163563469,25.97924519030878,36.715364846098865,3164.667237956448,3416.6637495178343,sad
454.3766325994519,487.7724749685734,8.11614720271947,11.068435334965804,18.35477848445773,25.887101901132315,6935.381973019753,8805.75530424855,sad
287.6736224857096,278.28400137253306,22.217061315176217,19.11408212689602,16.365834364977523,16.88251300649227,5797.05309741113,13522.25683957733,sad
331.6226399845517,250.69648862744768,9.96872587937565,10.90666306778931,25.95659750156949,62.26986340271928,8026.519919262997,8254.844494194444,sad
1443.8973869381555,1393.4223830797132,19.675377151946268,17.44099810457211,29.67243066311436,40.178514505240365,13545.766582098968,13585.431522310017,sad
412.95891024163876,897.3953419181223,16.63660856701737,43.26282468111056,114.53672437028385,252.362287037227,3401.600711152018,6452.53805599521,sad
562.6273003584439,1062.4053919469468,21.81967551578398,28.14634912442317,64.05949382774118,72.79162576943564,15768.773292857713,19187.541431580343,sad
204.39970515518942,396.2158511018889,12.604373035367685,21.181020882999622,62.853224796280706,83.1358406983951,5319.606733050291,9782.938215001423,sad
341.74641657389145,151.29706897093803,16.486647430415708,9.855908702868673,26.41111965632701,18.4787412988976,14491.60384765066,11662.28798218827,sad
1724.6513119625342,2820.278426786231,35.28243490864845,62.77308400702889,82.15100656375492,212.91344596422124,95689.87828089781,79215.44252371229,sad
927.6847197985333,1084.8593352980693,34.85405358267018,34.414938429432674,123.11401205864392,120.75002925561914,193782.99910455913,216350.2645248246,sad
5493.33307110933,6460.425827696138,149.3359543078142,188.06112249100644,263.7474292060735,345.21088927420493,31925.792872262155,29036.703206390415,sad
1321.7105055086633,1292.10619695873,23.473576047707848,37.253718987888305,51.49162126804753,81.16771473166627,4822.655498365205,10707.491936983979,sad
364.6786938767691,215.91083463507377,25.885997998114785,28.227058016603795,51.53772367009714,63.45077953879341,6288.449911156945,9698.76663395993,sad
393.41519489574176,273.8416509291187,6.459996471927281,6.804521246050543,20.188165008739826,20.077607284755835,5824.060592061274,3748.481574492881,sad
659.1201735308213,432.84472972247704,44.365104926176464,30.499390627667577,46.127221653340584,54.53493100331575,3122.5818431650046,3094.966878858261,sad
2145.7688654625886,2118.62766174668,100.06627895019687,84.79647777881367,85.59399108942723,58.548903371757355,7804.22394098653,9219.636614897097,sad
205.36753200692525,272.044273364963,9.67329169631633,11.052131645178562,63.406255286389,88.54569041928046,4814.622786245068,5394.9372647917935,sad
149.21402892275864,321.0480709422068,7.734114287813213,12.722174250463079,23.526950906015372,57.5001583728136,3547.281566256036,6436.397878060052,sad
450.822671004318,435.9242199281784,8.538421785258715,9.476219843298043,42.856904631751036,49.480155778458766,2548.7133096370635,2778.654845158209,sad
120.36305295673047,146.68289816510554,10.021387572114094,13.133419889738436,15.826040346428536,11.960243902071765,3295.378185111704,4234.820676362519,sad
504.2615114179185,635.7253991698133,22.36593914742166,14.8554895241693,34.84411461965088,51.038626642584646,4556.695653705469,4393.4858402833,sad
1417.9208429070788,1542.2108843977117,50.24447395646309,36.97993106305838,45.278908555128844,34.75303050110938,11622.450213235064,17938.6798150291,sad
583.3822265070947,747.5352952750488,6.439658551761758,11.141021428578565,50.61388321165955,64.30145653803321,8637.378827795097,14542.913805233437,sad
565.2097175743686,569.4062502339423,25.15149869278243,20.316934817181387,23.27141079455155,21.95932150117287,3359.5479148838426,2703.484622459446,sad
392.6765698683412,336.9834497298756,15.54866552897106,14.219898434336097,12.777396455865487,13.932380491380764,3493.8268746950057,4177.061644612902,sad
106.9698654939309,204.06775911086206,7.914962710920277,13.153826376434806,43.19531437739364,63.84988833540233,2077.2639244118013,2493.45925218074,sad
311.16787365198417,304.34559135279744,8.315602498054846,8.732374513239744,10.165412064730353,14.482853374393047,2249.4156546784475,2382.7165229560787,sad
209.17933755861614,214.82712460399597,7.451435982220422,7.884561464005557,10.699383371636085,11.287834914738056,4356.766463817884,4378.0345741997435,sad
227.53404181068726,254.77006368067805,6.21079255742692,5.234920409716227,7.919051646876602,8.02574240249417,7893.611886640897,5237.445751256628,sad
408.64337771168556,402.0027170194018,18.42076324640291,18.139221575263054,13.576579466681537,8.305255611054136,3200.661359755105,3386.175744293054,sad
64.8103732552503,100.0834465148652,3.531949256779542,4.270961355023748,19.811821862951586,30.37124079480572,5421.6547475224015,5898.343807484946,sad
82.9351363914022,118.25697943466162,4.900488345708827,6.266657342467598,23.799282134776266,27.20893175742528,3747.8166725873575,4931.615649826999,sad
105.67209112436258,105.36686273167831,5.018368125826607,6.345274451627872,10.081252808203674,8.437986611473908,6934.1387651309,7314.722824288771,sad
51.783742377434635,68.50418648689696,2.8376634237735283,3.1730528051076625,5.862353743790203,3.769058664491162,2132.2806198392796,2517.1478363219803,sad
158.82925033160566,182.83849702950565,9.796022465266898,5.807611995474922,27.223232492762882,31.08983201785864,2960.668782626112,2905.753457778851,sad
473.9147245967565,451.16951118580965,28.14084669646678,19.174778718071405,27.136756750584492,23.66800467100595,3207.14481320966,3533.466109434446,sad
156.52998152273292,156.25854428209232,7.798165589137653,5.292167708797637,40.5266846889903,33.869958257374876,6583.057413065763,8973.642855565953,sad
194.1427611259585,256.92054162477183,5.327423791365659,7.095512964562123,9.17421532473732,10.54909344091158,2694.3549514973097,2961.6734921230222,sad
242.50408787622936,337.8628359097076,13.041712719695292,18.40645697625912,113.47908652810283,140.1362575595263,3089.5296580424692,3114.549770769097,sad
170.23908191686243,258.2419228294273,2.78875953212252,6.826339437448296,28.254502445897895,31.107568100047438,4066.059971150897,4416.478905176039,sad
116.89140596931793,135.7281391856425,6.4426212477906555,5.87143675860303,28.309620810387248,27.25691458586573,4354.10450266132,4351.454627702542,sad
193.567795373047,210.16883025221722,8.625808727980859,6.618067177766989,14.791652844500293,17.61400816340317,3357.538860847697,3500.226751547979,sad
131.72395304229613,186.49144196977417,5.237214706378125,5.378887272937049,27.290371704736696,27.733451399651813,2559.0451148651546,4409.634348312514,sad
101.41685607445459,77.91872529722886,4.096206866873247,3.2163871216757984,25.67597252549923,25.0270216345975,1594.502368018822,1176.892207513194,sad
91.09307686516654,93.26696021806234,7.624281205510624,7.686140935815525,29.520223732925796,31.916885600080942,3312.5413070306136,3474.191411326438,sad
134.51096283263436,121.0888333751554,7.185320370117212,8.847524536344558,16.435489496408035,23.11724290718279,1039.8104887647394,1156.6923521293943,sad
96.89753059025081,84.30146745639662,7.679197697841592,5.561543700696245,5.079025489545789,7.096939090691042,2566.225955623989,3268.7346368741687,sad
50.913724866613,59.46893196578367,1.2963944629966886,2.649177456861074,16.36887783351072,18.893300587515267,2481.7708842945212,3440.2279528876,sad
96.5876314349653,87.40357536050824,4.9921605321357845,4.388531575969744,43.60108690978969,39.39639214367719,1504.4522309218883,1448.1733525899926,sad
127.32125819200405,124.51712566968874,2.4739772345017745,1.5417096125827343,11.259479784810337,12.254683127744448,1711.9155294753832,1866.6063313624977,sad
332.86719947365134,365.2669976655775,15.785895973527534,12.712106485559632,21.536762501790886,20.308846877702088,1976.813812112727,1615.103038701756,sad
