TIME,BETA L,BETA R,ALPHA R,THETA R,DELTA R,ALPHA L,THETA L,DELTA L
sec.,A,B,B,B,B,A,A,A
0.125,1.61,6.60,3.99,===,===,1.25,===,===
0.250,1.74,2.49,4.97,4.97,===,2.49,2.53,===
0.375,3.99,4.79,6.56,3.60,8.37,4.61,6.34,5.98
0.500,2.45,3.11,5.01,7.31,8.37,1.52,8.24,7.00
0.625,4.88,2.27,4.44,12.18,7.58,6.03,6.82,9.43
0.750,1.83,3.82,4.17,11.73,6.25,6.34,7.89,9.43
0.875,6.03,4.04,4.04,13.15,4.97,4.61,7.31,10.54
1.000,3.29,2.89,8.55,20.71,3.95,6.82,13.81,10.27
1.125,3.73,5.23,8.11,16.60,3.11,5.01,14.39,10.41
1.250,2.71,4.26,9.35,6.87,4.48,5.85,9.74,8.86
1.375,2.27,2.58,7.93,2.58,7.58,5.98,6.56,7.05
1.500,3.24,3.46,5.72,4.44,16.25,2.31,4.39,7.67
1.625,4.57,6.56,8.51,6.21,19.16,7.09,4.17,9.04
1.750,4.22,7.27,9.39,7.71,20.23,8.99,3.82,12.22
1.875,5.06,7.62,7.97,8.11,14.17,7.22,4.22,11.42
2.000,8.77,2.27,4.17,7.75,9.57,3.29,3.95,11.47
2.125,5.14,3.42,5.28,12.84,5.90,6.12,8.46,10.27
2.250,5.98,1.87,10.85,16.42,3.77,9.08,11.03,7.67
2.375,5.72,5.06,9.96,12.88,4.70,7.27,6.29,6.03
2.500,1.96,2.67,4.70,13.50,5.54,4.04,6.03,5.28
2.625,7.80,4.83,4.44,12.44,8.64,3.02,10.72,5.41
2.750,4.52,4.44,7.84,6.78,9.61,3.91,8.02,5.94
2.875,6.52,10.19,5.28,10.32,11.78,3.99,5.01,4.22
3.000,8.02,7.44,2.31,9.48,12.53,5.59,4.66,4.44
3.125,5.10,9.61,3.82,5.85,11.16,6.38,7.40,4.22
3.250,1.96,4.75,5.63,15.85,9.48,8.51,11.60,5.59
3.375,7.36,5.10,3.51,17.22,7.71,7.80,10.19,7.97
3.500,6.12,2.84,4.22,17.31,8.99,4.92,13.33,9.43
3.625,7.53,9.48,9.74,17.70,11.25,6.34,18.19,10.72
3.750,7.18,8.42,10.85,19.08,15.10,6.96,18.99,12.04
3.875,5.76,5.94,10.32,17.70,16.29,8.28,14.87,14.12
4.000,6.29,5.19,7.00,10.05,15.67,8.42,7.18,15.80
4.125,4.39,8.73,6.16,3.51,10.72,6.56,2.89,16.11
4.250,6.87,3.99,8.33,4.17,8.81,5.01,2.89,12.62
4.375,3.15,10.23,5.67,2.71,7.13,3.60,2.31,9.83
4.500,2.36,7.62,3.73,7.18,5.81,2.27,4.79,4.83
4.625,2.76,6.91,8.99,14.12,6.56,6.96,8.68,4.52
4.750,4.35,4.75,12.75,11.91,9.83,11.96,7.22,6.07
4.875,5.98,5.41,10.36,8.59,14.39,9.83,3.07,9.52
5.000,12.57,11.69,17.00,9.96,18.50,11.25,9.43,14.48
5.125,10.27,2.58,18.72,15.80,19.92,14.96,19.08,18.90
5.250,9.17,5.59,12.40,13.68,20.85,14.26,20.93,21.38
5.375,7.18,2.36,4.66,5.76,18.85,8.99,11.91,20.18
5.500,5.19,4.97,4.44,6.07,17.35,5.59,5.28,17.53
5.625,4.61,3.33,4.39,6.12,15.23,5.23,3.91,16.51
5.750,6.60,5.67,4.92,5.50,12.31,5.06,2.67,13.46
5.875,7.49,4.57,5.85,4.22,11.20,6.60,4.70,14.79
6.000,5.59,6.16,4.22,11.20,8.99,5.41,11.73,11.16
6.125,6.03,3.55,3.77,12.53,12.80,2.71,11.69,11.73
6.250,4.35,5.01,6.25,6.25,13.41,7.58,4.70,7.93
6.375,5.67,2.49,4.44,7.22,16.78,8.24,2.89,9.04
6.500,10.81,10.41,1.83,8.90,20.93,5.90,3.51,12.18
6.625,4.39,3.95,2.40,5.45,22.39,3.68,3.64,14.96
6.750,5.63,7.18,5.06,5.19,27.70,1.56,5.28,21.29
6.875,4.70,3.91,9.92,5.32,25.75,2.89,5.67,22.00
7.000,10.45,4.39,8.77,4.97,24.91,5.37,4.83,21.29
7.125,8.95,7.71,2.40,8.46,21.69,2.89,6.96,15.49
7.250,9.43,3.33,9.61,8.20,15.18,4.61,11.65,8.51
7.375,4.30,5.59,11.78,6.56,12.13,4.70,13.77,7.09
7.500,8.99,3.64,8.64,2.98,9.17,6.21,12.35,5.81
7.625,6.07,4.83,4.75,1.47,11.96,6.25,12.00,10.81
7.750,8.73,4.61,4.04,2.27,12.75,6.60,9.35,9.88
7.875,8.90,5.63,6.91,4.79,13.15,6.96,5.45,13.11
8.000,6.16,7.36,6.52,5.01,8.28,4.48,6.82,10.72
8.125,13.41,10.14,4.97,12.09,9.08,3.20,13.95,16.64
8.250,7.49,7.09,7.62,20.89,8.06,5.85,20.49,15.76
8.375,9.92,5.72,17.35,18.41,12.18,15.63,19.83,17.57
8.500,18.24,15.76,28.54,27.97,16.82,23.76,30.13,17.31
8.625,26.64,21.38,29.65,36.72,25.93,22.84,40.00,24.60
8.750,3.37,1.92,17.75,33.14,38.27,14.21,35.66,36.28
8.875,8.77,8.11,5.06,17.75,36.06,6.25,19.16,35.57
9.000,3.95,3.91,3.64,4.52,30.71,3.55,4.88,30.53
9.125,5.98,3.51,2.84,3.51,13.55,2.84,3.20,14.26
9.250,6.74,9.70,9.66,7.84,9.04,6.47,4.52,8.64
9.375,12.13,8.46,24.43,25.89,6.91,23.72,20.62,6.74
9.500,23.15,29.74,32.43,34.95,9.88,33.45,33.67,17.22
9.625,5.98,5.06,24.16,25.49,17.84,24.69,28.45,28.28
9.750,6.34,12.13,10.36,13.11,23.50,13.15,12.75,36.06
9.875,8.64,10.45,10.76,14.39,43.67,10.63,12.97,50.39
10.000,10.81,11.56,11.38,12.93,54.06,11.20,12.66,57.07
10.125,26.24,26.15,12.66,15.98,65.83,12.88,17.57,65.83
10.250,6.96,7.27,6.91,17.75,78.30,6.56,19.87,75.42
10.375,14.26,13.19,7.84,11.69,70.47,7.13,13.50,68.30
10.500,5.63,6.12,7.84,11.16,65.52,7.62,11.51,64.01
10.625,2.98,2.62,1.25,6.07,38.23,1.07,6.38,37.08
10.750,2.31,1.78,3.33,2.62,26.55,3.15,2.40,26.24
10.875,1.25,5.59,3.15,3.29,13.59,1.83,2.40,12.53
11.000,4.61,12.75,3.37,4.48,7.84,2.93,2.89,6.96
11.125,9.26,14.52,16.38,16.86,4.75,7.27,5.63,7.09
11.250,10.98,35.35,32.74,33.67,8.59,22.35,26.11,10.32
11.375,34.07,8.81,29.56,35.62,9.83,32.08,38.58,14.03
11.500,6.65,12.57,10.85,18.24,13.86,22.30,31.15,13.37
11.625,9.43,4.48,3.68,6.12,11.69,8.95,18.19,13.15
11.750,2.45,2.31,3.95,7.27,11.34,3.68,12.26,11.96
11.875,7.62,3.24,6.74,12.93,15.80,4.30,15.32,23.41
12.000,6.34,3.51,5.98,13.99,22.00,3.46,13.41,32.74
12.125,14.03,6.82,10.58,8.20,34.29,11.03,5.28,48.49
12.250,4.83,4.83,19.83,22.22,34.60,17.09,19.56,42.38
12.375,26.55,23.50,27.66,40.31,33.23,14.48,39.42,39.07
12.500,19.92,10.27,24.69,47.34,26.82,7.89,50.12,25.44
12.625,10.05,6.52,13.41,29.34,23.54,9.17,35.40,26.99
12.750,6.82,3.99,4.04,6.87,22.79,5.41,10.14,24.25
12.875,2.49,1.96,2.40,2.49,15.80,2.45,2.71,21.02
13.000,1.03,0.94,0.68,0.77,9.21,0.72,0.85,10.36
13.125,0.94,1.07,0.85,0.77,2.71,0.81,0.77,3.99
13.250,1.12,1.47,0.99,1.12,1.30,1.12,1.21,1.65
13.375,1.52,1.87,1.65,1.34,1.03,2.09,1.52,1.56
13.500,2.05,2.71,3.15,4.57,1.12,4.13,3.73,1.78
13.625,2.05,4.17,7.00,11.82,2.40,6.82,8.37,3.07
13.750,7.84,7.05,12.18,19.78,4.57,8.95,12.80,6.69
13.875,5.76,4.70,14.21,19.96,5.28,10.23,11.42,9.43
14.000,8.64,5.81,14.65,10.45,8.06,9.48,10.76,9.70
14.125,8.02,4.39,14.56,9.08,11.07,6.96,19.56,7.13
14.250,5.72,3.77,9.83,9.79,25.36,2.58,18.94,10.54
14.375,2.22,3.91,5.32,4.70,29.16,4.04,11.03,14.03
14.500,4.48,3.51,6.96,2.31,35.35,7.09,6.38,17.31
14.625,4.13,3.60,7.53,4.83,24.25,5.37,5.28,14.08
14.750,3.24,4.66,5.50,4.88,17.57,4.08,2.80,13.19
14.875,9.17,5.01,2.14,9.39,7.67,2.40,3.99,11.34
15.000,3.33,6.91,2.14,10.05,3.60,2.71,4.66,11.25
15.125,3.29,2.67,2.89,7.93,1.87,2.14,2.22,6.96
15.250,3.64,5.50,5.41,6.78,4.61,3.33,3.33,6.38
15.375,4.48,3.29,6.07,7.00,7.13,7.75,4.79,6.29
15.500,4.97,3.20,6.29,5.90,13.55,10.72,3.77,12.40
15.625,4.97,5.85,3.37,5.06,12.80,7.89,6.07,13.06
15.750,3.11,2.36,4.30,8.06,15.58,4.83,11.16,14.56
15.875,5.72,3.99,7.71,6.07,12.40,6.38,10.72,10.98
16.000,3.15,3.15,9.35,3.15,12.75,7.13,3.86,9.70
16.125,5.28,5.85,10.05,3.95,9.30,8.02,3.24,6.78
16.250,2.67,3.77,9.74,2.14,6.56,8.86,5.59,5.10
16.375,3.82,4.66,8.15,4.08,5.01,6.74,6.60,5.28
16.500,2.67,2.40,7.27,8.73,6.03,5.32,6.52,7.93
16.625,7.44,7.22,8.95,11.78,7.80,8.42,7.13,9.57
16.750,4.88,4.75,9.35,7.09,9.88,11.73,5.76,11.56
16.875,3.37,2.58,9.83,4.44,10.01,9.92,3.55,10.89
17.000,2.27,3.91,12.26,5.37,10.54,7.62,4.66,11.03
17.125,8.81,8.20,8.51,4.22,9.21,6.34,6.12,8.86
17.250,3.46,5.37,2.84,3.68,7.75,1.61,5.76,9.12
17.375,9.21,8.20,9.61,2.36,5.85,5.63,4.48,9.92
17.500,2.84,3.99,12.00,5.76,5.94,8.42,4.75,12.04
17.625,4.26,6.52,8.37,8.90,6.96,7.53,2.76,14.56
17.750,6.56,5.01,6.43,10.89,12.35,7.22,4.39,18.01
17.875,5.81,3.42,2.67,8.33,13.99,3.86,5.23,18.32
18.000,4.30,2.00,3.73,5.98,17.66,3.99,6.52,20.05
18.125,5.10,5.28,5.59,8.15,15.67,5.76,9.74,15.14
18.250,1.25,2.49,2.80,11.07,14.87,3.02,12.80,13.46
18.375,2.27,3.64,2.45,8.95,12.84,3.91,9.43,7.84
18.500,8.20,9.70,3.02,5.63,12.26,5.37,6.52,5.72
18.625,7.31,6.12,1.78,3.07,11.82,5.32,6.16,6.74
18.750,10.36,10.89,3.37,2.09,10.50,6.34,5.01,8.06
18.875,6.03,7.36,3.15,4.79,8.06,3.20,4.39,8.37
19.000,4.04,6.12,2.89,6.43,9.74,4.48,1.92,7.05
19.125,4.57,8.42,6.34,7.67,9.43,6.78,1.52,7.36
19.250,4.52,8.68,9.30,2.76,11.69,5.41,2.53,7.71
19.375,3.15,5.01,12.31,6.12,9.21,2.84,3.73,9.08
19.500,1.34,9.83,13.86,6.34,12.18,1.21,3.15,7.13
19.625,1.83,15.10,12.04,6.25,10.10,1.56,1.92,7.80
19.750,3.33,8.11,9.04,13.37,11.60,1.65,2.71,6.16
19.875,3.11,4.92,7.44,20.23,9.21,2.58,4.52,9.30
20.000,6.38,4.17,9.88,15.67,8.73,3.64,4.44,8.68
20.125,2.27,1.21,9.21,5.67,7.00,7.75,4.39,9.26
20.250,4.04,2.49,10.94,2.40,6.91,11.38,3.37,7.97
20.375,2.18,3.82,12.49,4.70,7.18,11.34,4.83,9.30
20.500,4.35,2.89,15.10,11.56,8.64,10.85,7.44,10.89
20.625,2.67,4.97,16.86,12.88,12.53,9.52,10.23,13.06
20.750,1.87,2.31,12.18,7.71,14.52,5.45,7.36,15.05
20.875,3.95,3.68,3.82,3.64,14.03,1.92,4.92,13.28
21.000,4.97,5.81,6.69,4.30,10.50,6.52,4.61,10.05
21.125,9.61,5.72,11.51,2.93,6.25,9.39,3.64,5.50
21.250,3.15,6.60,9.66,3.51,4.52,5.94,4.17,4.04
21.375,4.66,6.60,8.86,3.46,2.58,3.20,4.88,4.26
21.500,3.99,3.46,13.81,5.14,2.22,6.29,7.31,5.01
21.625,3.46,2.22,12.66,12.13,3.02,6.87,8.95,8.20
21.750,2.93,1.92,7.89,10.27,4.88,8.28,5.10,8.95
21.875,7.09,7.62,11.78,3.95,6.82,10.36,4.79,9.21
22.000,3.20,3.77,15.23,2.98,7.09,9.74,9.12,7.71
22.125,7.62,6.34,12.71,4.83,5.98,7.05,7.05,5.54
22.250,5.54,2.80,7.62,4.13,4.66,5.10,2.58,4.39
22.375,5.45,7.93,4.26,5.37,3.55,5.06,4.22,3.24
22.500,4.17,4.30,8.95,9.08,4.26,6.74,7.58,3.82
22.625,4.88,4.83,12.26,11.03,5.85,10.54,8.77,4.70
22.750,3.60,1.61,8.55,7.58,8.46,8.55,5.37,7.36
22.875,2.00,2.80,3.29,3.42,12.53,5.94,4.61,10.50
23.000,2.31,5.14,6.03,4.61,12.62,8.90,11.29,11.07
23.125,8.90,7.80,10.94,7.44,11.42,10.27,12.80,10.76
23.250,2.80,4.88,10.36,7.49,6.87,8.33,10.89,6.25
23.375,7.53,7.05,4.79,4.57,5.81,6.07,6.91,6.82
23.500,3.11,5.14,4.48,4.70,6.56,6.60,8.24,7.80
23.625,8.37,6.43,5.81,8.90,9.79,5.59,12.35,13.90
23.750,2.22,7.18,5.37,8.64,11.11,3.37,11.60,15.27
23.875,7.40,3.42,7.67,5.72,10.45,4.48,6.38,14.92
24.000,3.68,7.31,9.74,3.02,6.82,5.72,5.98,12.18
24.125,3.51,3.73,4.44,5.63,4.92,3.73,8.99,8.55
24.250,2.89,5.32,10.58,7.27,4.13,8.55,8.02,7.89
24.375,3.20,2.71,17.13,8.73,5.94,13.24,3.24,5.37
24.500,5.98,6.29,10.98,7.05,6.16,10.41,5.76,5.10
24.625,7.05,5.10,3.24,5.01,10.14,6.43,12.18,4.79
24.750,6.91,7.62,3.68,15.85,10.27,5.45,18.55,5.45
24.875,1.34,2.53,7.31,18.94,13.59,5.94,15.94,7.27
25.000,3.86,6.96,11.25,14.34,11.25,6.25,12.18,6.16
25.125,6.16,5.10,10.50,5.54,9.66,4.13,7.49,6.29
25.250,3.51,7.49,8.20,2.40,5.63,2.40,3.60,4.70
25.375,5.45,3.20,3.51,3.64,3.91,1.34,4.75,5.14
25.500,2.80,3.46,3.51,7.53,6.47,4.48,7.58,3.33
25.625,4.83,3.15,6.47,8.20,8.99,6.03,8.06,2.89
25.750,9.79,7.53,6.52,6.78,10.01,4.17,9.21,2.53
25.875,4.17,4.30,5.10,5.10,7.13,2.93,9.52,2.45
26.000,7.40,9.30,7.71,6.34,4.44,7.97,5.54,2.00
26.125,5.28,3.95,7.84,11.65,4.22,11.60,7.22,2.14
26.250,2.05,5.37,5.28,8.77,5.72,11.03,7.58,3.51
26.375,1.96,2.40,4.39,6.69,10.01,6.52,4.17,8.33
26.500,2.93,3.51,6.91,10.76,11.73,4.57,7.22,11.87
26.625,2.00,3.46,10.10,8.28,12.44,7.97,8.99,13.55
26.750,5.59,6.69,9.66,5.94,10.67,7.75,5.76,12.62
26.875,3.60,5.76,6.34,5.14,8.77,5.76,4.30,8.68
27.000,4.92,4.83,4.04,3.73,6.87,2.71,5.59,7.27
27.125,4.88,5.19,1.61,5.32,6.74,1.56,7.80,8.02
27.250,11.38,8.06,3.64,5.72,6.65,5.81,7.27,10.05
27.375,6.21,8.33,7.13,5.06,12.04,9.52,6.29,13.81
27.500,7.18,3.60,10.72,6.25,12.84,12.18,5.90,12.13
27.625,3.11,2.49,10.14,6.38,15.63,11.29,5.90,12.40
27.750,4.83,5.23,5.76,3.55,12.22,7.13,5.59,8.59
27.875,4.75,9.48,2.45,6.38,9.04,3.95,3.33,7.80
28.000,8.37,11.47,4.04,5.54,5.37,5.23,2.80,5.50
28.125,5.94,7.18,4.44,4.30,2.58,4.39,3.68,6.25
28.250,11.20,11.29,2.14,7.84,2.93,2.27,4.39,5.85
28.375,6.74,7.93,4.08,5.23,2.84,2.09,6.74,7.22
28.500,8.59,14.83,5.98,6.16,3.07,3.11,10.27,6.38
28.625,9.57,9.48,6.52,8.33,5.28,6.78,13.02,6.16
28.750,8.11,12.13,2.80,8.99,7.93,6.43,11.16,5.32
28.875,5.54,6.29,5.50,8.55,9.48,5.28,5.98,3.95
29.000,10.45,9.83,4.79,6.69,9.30,4.22,7.31,3.68
29.125,6.38,8.81,2.71,4.61,8.46,3.33,7.49,4.26
29.250,7.97,4.97,6.07,3.95,11.34,6.21,10.32,6.12
29.375,3.11,4.97,9.26,4.83,10.63,11.38,15.23,7.67
29.500,3.15,2.22,10.23,4.35,11.73,12.09,13.99,9.83
29.625,2.67,2.84,6.47,2.31,8.20,5.19,8.64,9.57
29.750,1.78,3.68,2.18,2.05,8.28,2.45,5.90,8.06
29.875,7.49,7.09,4.92,6.21,6.82,3.95,7.36,4.97
30.000,5.23,6.03,3.91,8.81,7.53,4.44,7.44,3.51
30.125,5.28,3.55,5.76,3.82,6.87,8.42,4.97,3.33
30.250,7.53,6.96,4.26,4.97,8.90,6.29,6.38,5.06
30.375,2.27,4.04,5.90,7.05,11.20,7.40,4.44,7.49
30.500,6.25,7.40,8.59,8.15,13.50,9.57,8.64,9.74
30.625,2.62,2.84,4.61,15.49,14.52,6.07,15.67,13.28
30.750,7.58,8.37,7.67,17.93,10.76,6.12,15.05,12.97
30.875,2.62,4.13,5.19,12.44,8.90,4.39,9.39,13.15
31.000,4.22,5.45,2.27,7.27,5.94,2.62,4.48,9.21
31.125,2.98,1.69,2.89,7.97,8.11,1.65,2.31,7.49
31.250,3.51,3.82,6.69,6.29,6.74,3.11,4.22,5.85
31.375,8.64,6.65,7.09,2.49,6.74,3.11,7.97,6.29
31.500,3.64,2.80,5.59,4.26,4.26,2.71,12.88,6.69
31.625,3.64,3.02,3.37,6.12,5.81,2.36,13.11,7.22
31.750,3.51,3.73,3.46,5.63,5.45,3.15,8.28,6.34
31.875,3.55,5.72,3.82,6.25,7.62,3.64,6.60,5.81
32.000,4.08,6.56,4.92,8.11,6.65,3.64,5.90,4.17
32.125,1.16,7.71,4.22,10.14,6.52,0.99,7.18,3.02
32.250,3.02,9.48,2.36,11.82,5.94,3.64,8.20,3.02
32.375,4.08,1.96,2.71,10.89,6.69,6.03,6.38,5.41
32.500,2.80,5.14,3.60,6.25,8.11,7.84,6.65,6.56
32.625,3.37,2.49,4.39,4.30,8.55,5.01,5.85,7.40
32.750,2.84,4.57,4.39,5.10,10.81,4.22,7.93,6.56
32.875,5.63,8.28,11.38,5.32,11.38,11.07,11.91,5.19
33.000,7.13,6.07,12.93,9.04,10.36,12.88,13.15,3.60
33.125,4.48,6.16,10.10,6.65,8.86,9.26,7.40,2.27
33.250,6.47,5.81,3.46,11.20,6.56,4.92,1.87,3.64
33.375,2.49,2.58,7.71,9.08,6.52,4.08,2.18,7.18
33.500,3.82,3.24,8.77,5.76,5.10,3.51,4.30,9.12
33.625,3.95,5.06,8.15,12.93,8.59,6.21,5.72,11.03
33.750,10.23,6.34,12.22,11.69,9.79,13.15,8.28,11.38
33.875,4.57,4.17,13.50,7.75,10.54,17.75,10.98,10.32
34.000,3.64,3.60,10.14,7.05,7.93,16.47,10.05,9.79
34.125,7.80,7.49,6.12,7.44,8.68,9.61,6.96,8.24
34.250,6.52,3.77,3.60,7.93,11.29,3.46,5.23,7.97
34.375,3.55,7.67,3.64,6.96,12.44,8.95,2.98,8.42
34.500,2.53,4.79,6.07,5.01,12.18,13.50,4.83,8.33
34.625,5.45,12.13,11.91,5.63,12.31,14.56,3.60,9.43
34.750,4.04,5.54,13.24,4.08,13.81,9.74,3.07,10.10
34.875,7.89,5.37,7.67,7.84,14.34,8.81,5.81,10.58
35.000,4.13,5.90,2.89,10.01,13.28,8.90,5.94,10.67
35.125,3.51,3.73,6.52,8.06,10.54,4.13,3.11,9.04
35.250,5.37,7.22,11.82,8.33,10.36,4.97,4.83,9.04
35.375,4.04,6.78,12.40,9.92,9.21,7.58,3.20,8.86
35.500,9.08,10.05,8.55,6.78,10.54,7.00,3.82,10.50
35.625,6.56,8.51,2.67,4.52,9.39,3.24,2.36,10.72
35.750,8.99,7.71,8.86,8.64,9.70,3.15,4.97,8.33
35.875,3.64,2.22,12.44,10.32,10.27,4.48,6.25,5.67
36.000,5.19,3.15,10.45,9.57,9.61,1.87,5.41,6.29
36.125,5.23,5.37,8.46,7.18,8.51,3.07,4.04,8.59
36.250,7.31,4.75,6.52,8.15,6.56,4.13,4.70,11.78
36.375,6.60,3.33,5.10,14.39,6.65,2.76,11.11,9.52
36.500,6.82,8.68,4.75,17.48,8.11,4.52,12.35,7.93
36.625,7.36,3.24,2.18,15.10,10.67,4.92,7.31,5.98
36.750,7.97,9.08,10.23,11.47,14.08,4.66,8.86,8.15
36.875,4.52,3.55,15.58,12.22,16.60,12.75,12.75,10.23
37.000,6.60,7.62,12.35,14.21,17.13,14.03,16.64,13.72
37.125,2.71,3.91,6.87,10.85,18.01,10.41,12.40,14.43
37.250,6.21,1.34,9.74,10.14,20.36,12.09,6.47,14.03
37.375,3.51,4.83,8.55,14.70,20.00,11.11,14.12,12.53
37.500,3.77,2.62,3.20,10.19,19.87,5.54,13.15,8.33
37.625,3.73,4.66,2.89,4.17,14.30,6.47,5.06,6.29
37.750,5.10,3.02,7.40,3.55,11.82,9.04,2.00,5.10
37.875,4.88,7.13,11.69,6.87,7.00,10.32,4.79,7.44
38.000,4.04,1.74,8.95,8.24,5.98,7.49,9.83,8.02
38.125,2.76,2.84,4.52,5.85,6.29,5.94,9.61,7.40
38.250,1.30,2.05,3.68,5.23,10.10,4.61,5.76,4.17
38.375,1.34,2.71,6.03,6.69,11.87,2.71,3.24,2.98
38.500,2.45,5.06,6.60,8.24,12.00,1.83,1.52,3.42
38.625,3.02,2.40,7.49,5.10,11.56,2.22,1.30,5.19
38.750,6.74,10.63,10.58,5.06,10.05,2.40,2.58,6.07
38.875,3.86,4.44,14.74,6.91,10.50,2.84,4.61,5.63
39.000,8.64,9.12,15.94,5.98,7.84,4.48,8.42,3.42
39.125,2.89,3.07,9.12,6.52,8.77,5.06,14.65,5.37
39.250,6.91,9.83,5.81,8.86,9.21,5.54,17.09,6.91
39.375,10.01,7.58,11.65,13.55,13.24,7.49,16.82,10.76
39.500,3.07,6.69,9.96,13.46,16.20,6.60,12.88,11.11
39.625,2.89,2.49,8.86,5.54,17.26,6.25,3.91,11.16
39.750,4.39,5.37,12.62,10.23,18.90,11.38,8.68,13.59
39.875,5.41,4.70,13.55,13.50,14.61,14.87,13.11,12.49
40.000,6.60,5.63,7.84,13.33,14.34,10.94,14.26,17.31
40.125,2.98,4.83,7.13,12.62,9.83,6.16,14.74,15.10
40.250,6.69,4.52,11.34,8.46,8.24,6.96,15.05,15.32
40.375,2.49,2.18,11.73,3.91,5.32,5.54,11.16,9.48
40.500,3.64,3.33,8.02,4.13,7.58,3.42,3.15,6.25
40.625,2.18,3.95,4.70,3.11,9.04,4.13,1.21,4.79
40.750,3.68,5.85,7.67,2.27,13.28,6.07,2.27,6.78
40.875,2.67,2.58,7.13,1.96,12.93,4.92,4.04,9.52
41.000,5.10,6.60,5.14,4.66,11.65,3.51,2.67,10.32
41.125,5.85,2.84,5.63,8.73,7.84,4.52,2.58,8.77
41.250,6.34,10.14,6.91,7.22,7.09,7.27,4.57,6.60
41.375,2.58,3.99,6.03,5.23,11.03,7.00,6.65,5.54
41.500,3.95,6.56,5.37,9.57,14.56,3.99,5.54,5.76
41.625,3.64,5.67,4.88,11.51,24.16,2.62,4.88,8.02
41.750,1.96,3.37,4.79,9.17,23.19,2.62,4.17,7.93
41.875,3.64,4.17,3.68,4.22,26.46,3.55,2.58,8.99
42.000,5.98,3.15,1.92,3.91,16.78,3.99,4.17,8.06
42.125,1.87,2.80,1.83,4.79,11.82,4.13,3.77,8.11
42.250,3.99,5.28,1.52,5.41,6.43,3.64,3.37,7.71
42.375,6.96,7.62,2.80,3.51,5.14,3.82,2.67,4.97
42.500,4.35,7.49,2.84,3.64,5.81,4.39,3.20,4.66
42.625,4.44,3.73,2.14,3.77,4.97,6.12,2.84,7.00
42.750,2.71,4.61,4.35,5.76,5.98,7.05,3.51,10.32
42.875,3.15,6.25,6.82,8.51,10.36,7.00,5.76,16.86
43.000,7.49,4.44,7.27,9.83,15.58,9.79,6.60,19.30
43.125,6.16,3.42,6.65,10.50,17.48,8.11,7.18,20.09
43.250,10.10,7.40,8.77,10.63,17.93,5.41,5.85,20.71
43.375,4.70,5.76,10.89,5.32,11.42,10.50,4.13,15.94
43.500,15.18,4.22,9.12,5.76,7.36,9.92,6.78,13.19
43.625,5.81,2.18,5.76,8.24,4.48,6.56,5.23,7.75
43.750,21.02,4.70,5.81,7.09,8.06,4.75,7.22,10.63
43.875,10.81,5.32,4.39,9.43,16.73,12.22,10.10,16.20
44.000,33.54,2.31,6.78,10.32,22.88,27.57,18.63,23.45
44.125,12.93,4.97,5.85,8.51,37.17,24.87,27.74,37.17
44.250,17.04,3.82,3.37,5.14,36.33,10.81,23.15,43.14
44.375,5.50,1.69,2.53,5.41,40.31,2.45,12.09,48.18
44.500,18.72,5.14,8.73,7.93,26.33,7.00,20.18,52.07
44.625,32.57,3.82,15.27,11.60,20.18,13.41,38.93,53.00
44.750,12.80,1.96,15.71,18.19,13.28,13.68,43.36,52.82
44.875,9.08,1.56,8.86,17.62,14.26,8.55,24.43,45.97
45.000,5.01,1.25,3.07,9.30,14.74,4.13,7.40,37.34
45.125,1.87,2.40,2.18,3.42,13.41,2.14,1.87,28.36
45.250,2.31,0.90,0.77,1.21,7.31,2.71,3.55,21.64
45.375,3.68,6.03,2.67,2.09,5.23,2.80,6.91,16.86
45.500,3.46,8.99,8.02,5.90,7.18,2.18,9.66,19.74
45.625,2.09,15.80,21.82,25.98,13.33,2.27,12.49,17.84
45.750,4.44,18.59,29.07,38.09,22.92,3.37,10.81,15.58
45.875,3.11,9.04,20.45,32.70,29.51,3.20,7.18,10.76
46.000,1.43,7.18,5.45,15.85,27.52,3.55,3.15,5.28
46.125,2.31,3.33,2.84,3.11,22.13,3.73,1.43,4.48
46.250,5.76,1.52,1.21,1.65,10.67,4.30,2.67,3.86
46.375,2.89,0.94,0.90,0.99,7.05,3.64,4.08,3.15
46.500,4.04,1.03,1.47,1.38,3.24,3.29,6.16,3.95
46.625,7.00,1.30,1.61,1.61,2.93,3.99,6.78,5.32
46.750,12.49,1.34,1.52,1.52,2.27,4.22,8.55,7.53
46.875,10.76,1.25,1.34,1.34,1.65,5.54,10.27,11.42
47.000,6.87,1.07,1.16,1.25,1.25,5.63,9.17,12.09
47.125,5.19,0.94,0.99,0.99,1.12,5.37,8.64,12.22
47.250,5.06,0.90,0.85,0.99,1.03,5.10,5.23,8.68
47.375,9.08,0.77,0.81,0.90,0.99,3.64,6.47,6.25
47.500,2.84,0.72,0.72,0.72,0.99,4.52,14.96,4.30
47.625,9.30,0.68,0.63,0.59,0.90,7.22,16.02,2.27
47.750,10.10,0.59,0.54,0.59,0.85,6.87,9.39,5.54
47.875,4.52,0.54,0.54,0.59,0.68,4.35,3.42,7.53
48.000,6.38,0.59,0.54,0.59,0.68,7.05,3.24,10.89
48.125,5.45,0.54,0.54,0.59,0.68,7.75,6.60,8.59
48.250,5.01,0.54,0.54,0.59,0.68,8.59,7.75,8.86
48.375,11.07,0.50,0.54,0.54,0.63,8.59,10.63,8.51
48.500,7.18,0.54,0.54,0.59,0.63,6.82,19.30,9.26
48.625,7.40,0.54,0.54,0.59,0.63,5.50,21.38,10.89
48.750,6.16,0.54,0.54,0.59,0.59,3.29,17.97,20.23
48.875,5.28,0.72,0.59,0.59,0.59,2.76,6.91,29.20
49.000,5.76,1.21,0.59,0.72,0.77,7.40,4.17,31.81
49.125,2.40,1.43,1.25,1.07,0.81,7.53,5.10,31.59
49.250,8.11,1.78,2.09,1.34,1.30,6.03,4.39,23.10
49.375,2.45,1.92,1.92,2.27,1.87,2.80,3.64,19.56
49.500,3.42,4.61,2.98,4.66,4.30,1.43,2.27,9.43
49.625,1.96,4.35,6.87,6.74,6.43,2.27,2.93,8.55
49.750,1.83,4.83,8.20,7.62,8.51,3.46,5.28,8.28
49.875,5.19,8.28,6.34,8.81,9.74,5.76,9.88,13.68
50.000,5.01,4.61,3.24,7.53,11.20,7.53,12.88,19.21
50.125,3.86,4.88,3.20,7.49,9.35,9.57,8.68,23.32
50.250,18.32,6.87,2.05,11.91,6.43,19.21,22.30,30.97
50.375,18.19,3.68,0.94,13.06,3.95,28.81,39.82,24.91
50.500,13.33,2.45,3.02,9.52,4.52,23.37,43.84,19.43
50.625,5.98,2.14,3.15,4.17,5.81,11.25,34.11,9.08
50.750,2.71,1.03,1.16,2.09,3.91,3.82,13.55,7.80
50.875,2.45,0.81,1.03,1.65,3.07,3.64,3.20,8.20
51.000,1.16,1.21,1.56,1.56,2.05,0.94,1.12,5.41
51.125,0.77,1.38,1.74,1.78,2.45,0.81,1.03,3.82
51.250,0.90,1.47,1.69,1.83,2.40,1.25,1.25,2.31
51.375,1.16,1.38,1.52,1.65,2.00,1.38,1.43,2.40
51.500,1.74,1.25,1.34,1.43,1.56,1.16,1.25,1.83
51.625,2.89,1.07,1.16,1.25,1.25,2.58,1.65,3.37
51.750,2.67,1.07,0.99,1.07,0.99,3.07,4.83,6.07
51.875,2.05,1.07,1.07,1.07,0.85,2.89,8.02,13.11
52.000,5.32,1.47,0.85,0.99,1.12,2.49,8.77,16.64
52.125,1.34,2.22,1.34,1.65,1.43,1.34,6.65,16.60
52.250,2.09,3.86,1.92,2.31,2.18,1.34,4.35,12.97
52.375,1.69,2.84,3.73,3.86,2.71,2.00,2.45,7.89
52.500,1.52,6.16,4.22,7.00,3.68,1.34,2.27,6.12
52.625,1.07,5.01,1.78,6.65,3.73,0.63,0.99,4.04
52.750,0.68,2.67,3.07,4.83,3.91,1.16,1.03,4.04
52.875,1.21,2.93,4.22,6.12,6.47,1.65,1.65,3.07
53.000,1.43,6.87,4.17,4.83,8.37,1.69,1.69,2.89
53.125,1.38,1.78,6.16,8.06,10.23,1.56,1.61,2.14
53.250,1.25,7.53,5.85,13.15,10.72,1.38,1.38,1.61
53.375,1.12,4.79,4.48,10.72,11.25,1.16,1.25,1.25
53.500,0.94,11.34,3.99,5.06,11.34,0.99,0.99,1.12
53.625,0.90,7.80,4.97,12.71,10.94,0.85,0.99,1.03
53.750,0.77,7.36,7.71,14.48,14.79,0.77,0.85,1.03
53.875,0.77,2.89,6.43,10.36,20.62,0.85,0.72,0.94
54.000,1.78,15.71,2.49,5.45,22.48,1.52,1.12,1.38
54.125,3.55,12.53,5.54,7.13,26.82,4.17,3.15,1.96
54.250,2.14,42.30,17.75,15.14,22.00,4.70,5.67,4.75
54.375,8.28,8.95,21.33,21.15,21.69,6.25,9.66,7.44
54.500,4.57,13.41,18.46,20.85,15.36,7.62,15.01,12.62
54.625,4.35,6.47,11.11,13.59,12.62,5.94,14.34,12.18
54.750,2.36,10.98,8.73,12.66,14.08,5.81,9.48,12.18
54.875,3.24,6.34,11.34,14.12,12.93,6.52,7.40,7.09
55.000,6.03,6.29,10.98,12.88,14.12,7.97,4.75,6.74
55.125,7.40,2.45,6.74,14.79,11.69,8.68,2.89,5.54
55.250,11.87,8.46,2.09,17.75,12.44,7.36,1.25,7.75
55.375,4.52,5.06,4.75,19.52,13.15,4.04,2.18,7.93
55.500,6.34,10.32,7.97,18.63,14.30,1.92,2.67,7.75
55.625,2.31,7.71,5.14,13.02,16.29,2.18,2.80,6.52
55.750,1.92,10.81,1.83,10.05,16.64,1.47,3.82,5.28
55.875,2.05,4.26,5.06,7.36,15.71,2.76,4.26,4.75
56.000,2.53,3.24,4.75,7.13,13.28,2.58,2.76,4.92
56.125,1.47,3.86,1.83,6.07,10.58,2.31,1.92,4.13
56.250,1.83,3.64,6.07,6.12,9.39,4.79,2.09,3.99
56.375,2.18,5.37,11.34,6.74,7.05,5.50,3.51,2.76
56.500,2.93,3.86,10.05,8.33,5.81,5.81,6.21,2.18
56.625,3.99,2.80,3.02,6.21,4.97,4.75,7.89,2.80
56.750,3.42,2.71,5.59,3.46,3.51,3.11,4.79,3.77
56.875,4.26,5.85,8.20,6.43,4.04,7.40,4.39,5.06
57.000,7.31,6.56,7.67,8.28,5.10,9.52,6.16,5.19
57.125,2.80,2.67,4.92,9.08,6.12,7.80,6.87,5.06
57.250,3.95,3.64,3.15,4.35,6.91,5.19,4.83,4.17
57.375,4.88,6.21,3.46,5.23,5.67,4.66,3.33,4.44
57.500,3.51,3.82,4.44,8.37,4.26,3.86,7.18,4.83
57.625,7.36,4.61,3.51,8.68,2.22,2.76,8.24,6.56
57.750,7.05,2.89,9.57,9.21,1.21,5.54,6.74,7.09
57.875,2.05,1.78,16.33,10.23,1.16,12.66,5.72,7.27
58.000,1.43,4.48,18.10,8.28,1.92,17.79,8.33,7.18
58.125,4.39,5.41,13.90,7.97,5.98,16.60,10.94,10.72
58.250,4.08,6.65,5.67,11.29,9.43,8.28,9.12,19.03
58.375,3.60,3.33,10.01,8.77,13.28,7.62,6.87,22.61
58.500,2.27,6.60,14.39,7.44,12.04,14.92,5.63,25.98
58.625,4.26,3.73,10.67,11.51,10.36,13.06,7.62,16.86
58.750,4.26,7.62,9.12,6.65,9.17,9.30,5.81,15.98
58.875,7.58,5.94,10.10,3.02,8.37,8.59,4.08,9.96
59.000,6.38,8.86,9.26,11.78,9.39,7.00,15.10,10.32
59.125,15.14,12.18,8.73,17.53,9.92,9.26,23.19,7.71
59.250,5.85,1.65,7.58,16.55,13.19,7.97,19.61,11.60
59.375,6.91,5.14,3.42,12.62,12.31,2.00,10.72,14.12
59.500,5.32,1.92,4.17,6.60,11.07,4.35,9.39,14.70
59.625,4.57,2.89,5.32,4.79,7.40,5.67,7.36,12.62
59.750,2.80,2.58,6.47,3.73,6.60,5.28,4.70,9.74
59.875,6.69,2.53,6.87,6.87,6.56,4.92,7.00,8.42
60.000,6.25,3.60,8.24,11.20,9.66,7.84,13.59,6.25
60.125,3.64,7.97,7.05,10.05,10.27,5.94,14.87,9.61
60.250,5.28,5.50,3.91,3.11,11.91,2.36,8.02,10.58
60.375,3.42,3.91,4.08,3.95,9.39,1.96,4.30,12.35
60.500,3.55,5.67,4.88,4.26,8.86,1.25,4.88,8.11
60.625,1.61,5.54,5.19,4.75,6.87,1.47,3.73,9.17
60.750,1.16,2.53,5.45,8.15,4.88,1.52,1.78,6.91
60.875,3.15,2.89,4.48,10.27,4.70,2.09,3.60,8.11
61.000,4.79,5.10,4.30,8.64,8.06,2.58,3.95,5.28
61.125,4.26,4.97,3.51,6.74,9.39,2.22,5.59,5.59
61.250,4.17,8.42,3.11,6.82,9.35,3.33,7.18,4.48
61.375,2.67,2.98,5.32,6.12,4.79,5.19,5.59,4.44
61.500,8.77,5.81,4.79,5.32,3.15,5.76,4.35,4.66
61.625,3.51,4.52,5.19,5.14,3.02,6.25,3.77,5.23
61.750,4.92,11.69,6.56,7.93,3.37,6.74,2.05,5.63
61.875,5.23,4.79,6.38,9.30,3.99,6.16,2.98,5.90
62.000,3.82,9.74,6.16,8.51,4.61,5.59,3.77,5.72
62.125,6.60,9.52,3.68,6.82,5.94,4.75,3.46,6.34
62.250,3.82,9.66,6.47,8.20,5.72,3.73,5.72,7.22
62.375,9.79,15.85,5.81,7.18,4.44,3.02,7.22,9.08
62.500,3.24,7.67,4.35,4.26,5.67,1.69,6.12,10.89
62.625,4.17,5.67,8.33,6.47,9.17,5.32,2.84,11.38
62.750,4.22,3.95,11.16,15.27,17.22,11.47,8.11,11.78
62.875,8.81,5.72,12.18,15.80,17.70,11.87,9.04,9.26
63.000,10.50,4.35,9.04,9.35,17.26,7.36,4.79,11.16
63.125,8.86,3.07,9.30,4.83,9.83,7.40,4.75,10.89
63.250,9.70,5.14,12.57,12.44,8.28,8.20,8.06,16.55
63.375,3.29,3.99,10.50,11.60,7.09,8.46,8.06,14.74
63.500,3.15,5.10,11.11,4.26,9.74,8.81,3.15,14.03
63.625,4.44,3.68,13.33,7.67,8.11,8.33,3.15,8.73
63.750,7.05,7.71,8.24,4.08,8.95,2.67,3.99,5.41
63.875,8.11,6.29,5.32,9.48,8.73,2.76,11.20,3.42
64.000,10.41,9.52,3.68,10.41,10.89,4.88,10.85,4.30
64.125,4.61,1.16,4.52,5.37,17.22,6.43,4.97,9.30
64.250,3.68,7.80,7.49,6.78,19.34,7.62,8.24,13.46
64.375,4.08,4.57,6.29,7.62,25.27,8.42,5.19,16.38
64.500,1.87,2.76,6.56,6.29,20.54,7.75,2.67,15.85
64.625,8.46,7.13,8.37,3.29,20.18,6.87,4.92,12.62
64.750,4.04,2.36,9.30,9.21,14.39,8.90,6.03,9.52
64.875,5.32,5.98,9.66,10.36,13.15,10.05,7.89,7.58
65.000,2.98,3.95,8.90,5.85,10.50,8.90,7.05,7.93
65.125,6.16,4.39,9.66,3.55,8.51,8.90,3.42,6.38
65.250,6.74,3.24,9.30,4.83,8.33,8.24,4.83,4.88
65.375,2.76,1.87,6.87,5.50,7.93,5.14,6.56,3.86
65.500,9.88,6.56,6.07,4.57,10.14,3.42,2.27,6.96
65.625,1.74,4.39,5.19,5.85,8.02,4.70,2.58,8.33
65.750,12.84,9.92,3.51,6.38,8.90,5.06,4.48,13.02
65.875,4.13,2.98,2.71,6.16,8.02,3.46,4.61,12.09
66.000,3.64,4.22,4.52,6.56,10.76,1.96,2.93,12.31
66.125,4.22,3.33,7.05,5.32,8.46,3.24,4.04,9.39
66.250,4.39,1.07,7.93,4.61,6.34,4.83,6.03,8.68
66.375,2.62,3.11,6.47,5.14,4.30,5.01,4.97,7.53
66.500,5.90,3.07,3.20,11.34,5.94,2.14,10.01,7.36
66.625,9.61,6.47,4.83,10.14,6.82,7.18,10.67,6.65
66.750,9.92,8.24,8.28,5.72,7.84,11.29,6.56,6.43
66.875,8.28,3.68,7.80,5.45,6.87,9.61,10.89,5.45
67.000,2.62,4.26,3.73,6.82,8.33,4.92,13.02,7.27
67.125,3.07,3.77,3.29,7.71,9.48,4.39,12.18,8.02
67.250,5.06,3.95,8.24,7.09,9.79,6.38,9.83,8.55
67.375,6.21,8.68,14.96,7.84,8.33,11.11,8.51,6.60
67.500,3.11,2.58,18.46,9.48,6.69,14.83,15.01,6.07
67.625,3.29,3.73,14.34,11.47,7.18,12.97,16.51,6.82
67.750,3.73,3.77,11.34,9.26,13.02,10.23,9.70,9.70
67.875,1.56,2.71,14.87,10.94,13.95,11.96,6.96,11.91
68.000,9.74,4.52,13.28,13.37,17.40,14.92,11.11,12.44
68.125,3.73,4.52,5.67,16.60,13.41,10.58,16.16,12.75
68.250,5.06,5.06,7.00,18.72,12.26,3.55,12.13,12.13
68.375,3.29,30.35,8.20,14.56,8.51,2.05,5.19,12.53
68.500,4.44,6.34,3.20,6.03,8.51,4.13,9.35,13.06
68.625,5.50,15.05,3.64,10.89,12.57,7.40,15.36,14.65
68.750,3.86,3.24,3.42,10.54,14.79,8.02,12.13,14.56
68.875,5.67,3.24,8.02,10.94,15.67,10.54,6.03,13.33
69.000,7.84,7.22,11.25,14.87,14.79,11.29,9.21,10.23
69.125,5.98,3.37,9.48,11.87,12.57,8.42,8.28,8.99
69.250,5.50,3.20,7.13,6.25,10.36,4.92,3.15,7.62
69.375,3.86,5.81,7.13,4.83,8.28,3.77,3.15,7.00
69.500,1.74,4.44,8.51,6.34,9.74,5.76,4.75,6.43
69.625,3.07,4.75,9.30,7.84,11.69,5.72,6.47,7.18
69.750,2.93,3.07,8.15,9.66,13.50,3.15,7.31,7.18
69.875,3.51,2.18,7.62,13.28,12.26,2.71,8.46,9.83
70.000,6.03,5.90,4.88,10.32,9.96,3.99,6.60,9.12
70.125,6.96,4.70,1.43,4.75,8.33,4.35,4.52,8.55
70.250,6.25,3.99,4.70,3.20,7.71,4.92,4.75,5.14
70.375,6.96,5.76,4.66,3.77,11.29,3.73,6.56,4.13
70.500,3.11,3.15,3.29,8.86,11.51,4.35,8.90,4.13
70.625,1.87,2.84,1.47,9.52,12.04,5.63,9.48,4.57
70.750,5.28,3.11,2.53,7.31,9.30,7.31,7.36,4.83
70.875,5.59,2.53,8.77,5.41,8.20,13.15,7.00,5.81
71.000,5.14,2.89,14.21,2.09,7.67,18.01,8.90,5.01
71.125,5.54,4.35,13.50,2.05,7.40,17.53,7.22,5.41
71.250,3.64,6.87,11.60,1.61,7.71,16.86,4.30,4.70
71.375,4.17,3.77,7.27,3.95,8.90,11.69,10.05,6.25
71.500,6.96,6.16,2.45,7.89,10.72,3.33,12.66,7.36
71.625,10.63,6.78,7.44,9.88,19.39,7.40,8.68,14.21
71.750,15.18,15.76,10.32,14.08,23.28,11.07,7.71,18.59
71.875,10.41,7.44,4.61,15.49,33.32,7.40,11.11,26.37
72.000,5.10,8.51,6.56,9.74,33.23,3.20,6.43,28.36
72.125,5.76,6.47,13.72,5.41,31.50,9.70,3.46,24.83
72.250,5.81,6.38,12.18,10.58,27.79,7.80,7.71,20.36
72.375,5.50,8.99,10.63,17.70,18.85,7.71,9.17,11.60
72.500,5.14,2.00,9.74,20.89,16.95,11.25,7.53,12.18
72.625,2.89,2.58,7.13,14.26,9.21,13.59,8.95,8.99
72.750,12.18,3.60,2.27,6.78,8.42,12.35,9.21,11.78
72.875,3.68,3.15,8.20,7.93,4.75,9.12,8.33,9.12
73.000,4.83,3.46,10.85,8.24,4.08,9.88,10.54,10.32
73.125,4.88,9.48,10.72,7.09,4.22,10.67,10.19,7.44
73.250,2.58,6.38,7.36,9.61,6.56,9.88,7.13,9.83
73.375,7.18,11.69,4.26,10.98,8.24,6.38,4.66,9.12
73.500,2.76,3.29,8.46,8.28,7.93,7.05,2.76,10.45
73.625,1.92,5.23,9.08,4.61,10.05,7.49,2.76,10.36
73.750,3.82,3.51,6.65,5.50,10.10,4.48,3.60,9.83
73.875,2.45,5.19,7.62,7.97,13.68,7.40,5.19,11.96
74.000,10.19,7.80,9.74,9.74,12.18,11.78,9.52,10.76
74.125,5.14,3.37,10.14,8.37,10.19,10.89,12.71,14.87
74.250,3.33,2.93,3.55,4.83,7.13,5.32,9.30,13.59
74.375,3.07,2.76,9.08,10.72,9.66,3.24,10.19,13.11
74.500,2.58,7.84,12.13,8.33,14.74,5.85,9.26,9.74
74.625,4.48,1.30,7.75,10.89,14.79,3.07,5.06,7.09
74.750,4.66,4.30,13.33,15.27,11.25,5.50,5.67,7.97
74.875,7.18,4.92,15.80,12.93,5.85,7.00,11.34,7.62
75.000,13.02,7.89,15.32,10.14,6.12,6.34,10.19,7.18
75.125,4.88,6.16,15.10,11.73,9.92,6.91,5.41,4.66
75.250,9.96,9.17,12.22,12.00,14.39,6.25,5.23,4.92
75.375,3.37,2.76,10.94,7.27,16.20,4.66,4.08,6.78
75.500,3.60,2.49,14.70,6.29,12.97,5.67,2.14,7.05
75.625,2.76,3.82,10.98,6.25,11.25,6.38,4.26,7.40
75.750,1.25,3.02,4.39,8.73,8.11,7.00,3.37,8.33
75.875,2.53,4.70,3.68,11.38,6.96,5.01,4.08,8.28
76.000,2.05,4.75,3.02,12.75,4.79,2.49,8.06,6.69
76.125,3.55,3.37,1.74,9.52,4.17,3.86,7.13,4.44
76.250,3.42,7.44,2.00,8.24,4.70,5.28,8.46,4.97
76.375,6.21,4.17,4.04,8.06,6.34,3.55,12.18,6.07
76.500,6.21,8.86,6.21,9.96,8.90,5.50,9.70,9.52
76.625,4.92,5.01,6.34,10.81,10.36,8.99,4.04,10.01
76.750,7.80,3.37,5.98,8.86,12.71,7.22,3.33,13.64
76.875,3.91,4.39,3.33,4.79,13.46,6.74,2.71,11.73
77.000,6.87,2.93,5.01,4.35,17.79,7.22,5.98,15.36
77.125,5.28,1.56,7.71,2.98,15.63,7.13,4.08,11.34
77.250,6.69,6.25,5.63,3.82,13.11,3.73,3.68,10.98
77.375,6.87,3.77,2.53,4.13,6.12,3.07,8.73,5.98
77.500,10.76,7.05,3.02,7.05,5.28,2.49,15.10,6.69
77.625,3.91,5.10,3.77,15.49,4.26,9.35,20.89,5.50
77.750,7.89,8.51,5.67,18.77,5.32,13.68,18.28,7.05
77.875,6.78,3.91,4.57,13.33,4.97,8.90,9.43,6.43
78.000,4.61,2.58,2.71,6.78,7.97,3.07,6.07,6.52
78.125,9.48,7.13,2.62,5.98,8.64,4.75,7.53,4.92
78.250,5.37,4.13,5.14,6.60,10.45,1.38,7.13,4.92
78.375,5.67,7.13,5.59,5.28,8.46,4.79,4.66,3.82
78.500,6.82,2.40,4.97,3.42,7.36,4.83,3.68,3.64
78.625,2.62,1.87,3.91,5.81,5.19,3.24,3.20,2.76
78.750,3.42,5.50,1.34,9.17,5.67,2.22,2.49,3.15
78.875,6.25,6.78,3.73,6.43,6.52,4.79,1.87,3.99
79.000,7.71,5.14,5.67,2.80,9.88,5.76,5.19,4.48
79.125,5.28,5.50,5.10,3.91,12.57,5.41,9.39,6.60
79.250,16.42,7.00,3.46,5.41,15.85,3.60,9.08,11.29
79.375,3.64,3.11,8.55,7.27,16.82,4.66,7.62,13.95
79.500,6.91,2.98,8.86,5.59,19.92,5.41,5.23,18.94
79.625,5.01,3.46,3.07,6.29,19.25,8.46,2.27,16.38
79.750,4.97,4.48,6.29,4.88,18.99,7.71,7.97,15.58
79.875,2.89,7.05,8.81,8.28,17.44,5.23,14.03,12.26
80.000,1.61,3.29,8.42,15.27,15.14,4.88,17.44,10.01
80.125,5.14,5.32,6.60,12.49,14.03,6.21,16.73,8.90
80.250,1.65,3.02,2.71,6.65,11.96,4.79,11.73,5.94
80.375,3.60,5.81,3.64,10.01,9.74,2.27,10.27,6.29
80.500,2.98,2.89,5.98,15.27,8.33,6.12,9.30,7.22
80.625,2.84,3.24,5.81,19.03,5.90,7.49,9.43,12.97
80.750,4.30,3.42,4.61,18.68,6.16,5.37,9.66,13.90
80.875,4.79,4.08,2.40,17.00,7.22,2.09,11.51,15.98
81.000,3.64,6.16,4.70,14.92,7.18,5.63,13.06,10.89
81.125,2.98,3.29,5.23,11.91,8.06,7.84,12.80,10.81
81.250,5.28,1.96,3.91,8.99,9.52,7.05,12.18,8.33
81.375,5.67,3.20,4.13,12.49,9.52,3.73,16.51,9.92
81.500,4.57,3.24,3.60,12.93,10.36,1.87,15.58,6.96
81.625,7.49,6.12,4.39,8.33,9.39,2.58,9.17,6.74
81.750,11.65,4.61,5.41,5.14,9.35,5.76,4.04,6.38
81.875,11.29,5.54,6.65,7.18,8.51,7.80,5.54,6.65
82.000,6.16,5.01,8.33,10.19,9.08,7.97,5.23,6.91
82.125,10.27,2.84,7.00,9.43,8.46,7.84,3.55,5.90
82.250,8.99,7.93,3.99,8.33,11.38,7.18,5.32,8.95
82.375,8.99,2.00,1.61,11.34,10.67,3.33,9.83,9.39
82.500,8.24,8.51,4.52,7.97,12.40,4.22,10.41,11.20
82.625,4.30,5.45,8.73,5.67,11.20,6.43,10.19,9.83
82.750,5.32,4.97,8.28,12.53,9.96,8.90,11.07,8.59
82.875,6.56,2.45,6.29,13.86,9.39,9.48,12.00,7.18
83.000,4.88,3.20,6.96,7.44,12.62,8.02,11.16,7.09
83.125,4.26,7.27,8.68,3.77,15.01,5.37,12.22,6.65
83.250,4.30,6.43,7.53,2.98,20.40,3.33,11.03,6.56
83.375,4.92,8.86,4.52,2.31,19.78,2.84,5.98,6.21
83.500,4.48,6.82,1.69,9.35,18.59,2.31,7.97,6.56
83.625,8.33,8.11,4.52,10.45,14.61,5.14,9.88,5.94
83.750,3.68,6.52,9.96,7.75,9.66,10.41,6.96,4.35
83.875,4.79,7.89,10.41,12.09,8.99,10.63,4.97,6.34
84.000,5.63,4.79,7.44,11.29,9.96,7.93,4.61,10.10
84.125,4.92,5.41,10.81,6.21,11.65,8.37,6.38,12.49
84.250,4.17,4.04,14.56,1.78,12.04,9.57,6.69,15.36
84.375,4.08,3.99,10.89,4.13,9.70,7.84,8.20,13.06
84.500,10.27,7.84,3.46,12.26,7.00,4.97,13.19,13.11
84.625,3.24,3.86,5.06,17.09,5.76,5.06,16.11,10.54
84.750,7.36,5.10,4.52,11.56,7.53,3.11,13.28,10.63
84.875,7.40,2.62,3.60,7.00,7.36,4.52,8.28,10.45
85.000,6.87,4.61,6.16,6.47,8.11,7.62,5.72,9.08
85.125,5.90,5.06,3.77,4.13,5.67,6.52,4.30,8.90
85.250,8.86,3.77,2.71,4.22,5.41,3.77,2.40,6.38
85.375,3.77,7.18,4.83,4.52,4.04,2.27,7.00,5.37
85.500,3.11,2.71,2.62,7.31,3.77,5.19,15.01,4.30
85.625,7.09,2.98,5.85,11.73,4.30,3.99,19.78,5.76
85.750,1.83,4.26,10.63,14.39,5.54,5.14,19.92,8.33
85.875,4.35,6.52,10.23,16.20,8.11,6.69,18.28,11.69
86.000,10.27,4.75,3.82,14.03,14.26,5.67,11.56,18.01
86.125,4.83,4.35,5.81,10.85,17.00,9.92,6.96,19.30
86.250,5.41,3.60,11.56,11.69,17.22,12.62,7.67,18.28
86.375,2.62,4.30,11.73,11.69,13.77,10.72,14.08,13.02
86.500,4.22,4.08,9.61,10.50,9.70,8.90,15.32,7.71
86.625,4.83,9.35,5.50,11.25,9.79,5.28,12.18,5.50
86.750,5.72,7.18,2.89,8.59,9.57,4.75,9.12,6.25
86.875,2.84,7.05,6.56,4.48,12.75,8.64,8.77,8.99
87.000,4.75,4.75,12.26,3.68,10.45,11.60,7.31,10.36
87.125,3.82,6.47,11.87,5.63,8.42,9.88,3.37,11.07
87.250,2.71,2.80,6.65,8.28,4.57,5.90,2.93,10.54
87.375,4.97,6.03,8.90,9.35,5.98,13.19,7.22,13.50
87.500,3.33,4.08,10.98,8.64,7.49,14.96,14.39,13.46
87.625,4.13,4.92,6.56,8.59,9.17,8.15,16.69,12.31
87.750,4.04,4.48,2.71,7.05,8.81,1.74,15.80,8.77
87.875,3.11,4.48,4.48,3.95,10.36,5.76,16.64,4.61
88.000,6.43,5.90,5.19,4.66,11.07,4.22,14.56,3.51
88.125,4.39,8.68,5.54,4.26,15.45,5.63,9.39,2.67
88.250,4.92,9.26,4.75,5.37,15.63,7.18,5.45,2.09
88.375,3.55,7.75,22.08,19.70,21.95,7.09,4.66,2.09
88.500,3.51,10.32,30.27,40.84,27.30,4.44,4.17,2.49
88.625,2.27,6.12,21.86,42.43,29.12,2.67,3.42,5.23
88.750,2.98,5.67,6.60,30.53,26.86,5.06,6.38,6.29
88.875,6.29,5.98,2.53,17.26,18.50,6.96,8.42,8.02
89.000,4.17,5.10,8.73,13.28,13.41,8.64,7.62,8.46
89.125,9.96,4.39,8.81,16.78,12.35,9.08,6.21,8.64
89.250,8.06,2.93,5.41,15.18,12.93,6.34,4.35,8.28
89.375,6.29,3.20,6.43,12.26,14.96,2.89,4.48,7.93
89.500,6.96,6.16,6.87,7.58,13.41,3.68,4.44,8.06
89.625,2.89,1.30,4.30,9.48,10.23,2.62,5.23,7.13
89.750,4.61,9.30,2.18,15.45,8.28,1.38,9.08,5.59
89.875,4.30,4.08,2.18,14.61,4.83,2.49,9.74,5.01
90.000,3.15,4.39,2.05,9.74,4.75,6.87,7.49,7.40
90.125,3.07,8.33,6.12,4.35,4.04,10.19,4.52,9.48
90.250,6.03,7.53,7.05,4.61,7.80,10.10,2.53,9.88
90.375,7.71,4.17,7.44,7.71,8.73,8.95,6.65,7.40
90.500,2.49,7.84,7.71,11.25,12.18,7.00,9.70,4.97
90.625,3.73,2.89,8.06,10.98,13.15,7.22,10.05,4.88
90.750,4.61,6.07,9.83,11.73,13.15,8.46,9.39,6.56
90.875,8.15,7.71,10.58,13.90,12.22,7.22,10.01,10.98
91.000,3.46,2.67,8.06,11.56,12.40,3.82,9.92,14.83
91.125,8.33,3.82,4.35,7.84,13.06,3.82,9.30,17.31
91.250,5.50,4.61,3.33,3.99,14.39,4.35,6.29,20.14
91.375,10.36,4.79,8.15,3.07,11.03,7.22,4.26,17.35
91.500,8.28,7.05,9.88,4.48,10.58,10.63,7.18,15.32
91.625,6.87,5.19,6.12,10.50,7.89,10.23,13.55,9.70
91.750,2.62,2.71,1.69,10.19,7.00,6.25,11.65,7.00
91.875,7.31,7.89,3.02,6.74,6.56,4.22,6.87,5.98
92.000,7.31,8.37,5.81,3.77,12.13,7.49,2.67,9.39
92.125,4.35,4.66,8.06,11.51,16.02,8.64,6.12,11.69
92.250,4.75,5.94,7.67,16.55,23.99,6.60,10.50,17.66
92.375,11.38,6.52,2.62,7.05,20.14,4.30,4.70,14.17
92.500,4.79,2.71,8.86,13.64,17.26,12.62,10.10,12.35
92.625,9.30,6.25,9.92,18.59,7.58,13.55,14.30,5.90
92.750,7.44,6.60,4.88,8.90,4.39,6.16,12.04,4.48
92.875,7.49,8.06,9.79,7.09,4.04,4.39,7.44,4.79
93.000,11.34,8.37,14.39,6.87,7.00,11.11,5.76,4.79
93.125,8.15,7.36,10.81,3.02,9.92,12.13,8.15,5.67
93.250,3.24,1.83,6.12,3.11,10.27,9.92,10.19,5.28
93.375,11.38,4.48,9.70,4.17,10.41,9.96,10.01,7.75
93.500,2.98,1.74,11.47,8.28,7.67,9.21,11.60,8.51
93.625,10.14,2.67,9.30,11.56,6.12,7.00,10.89,9.12
93.750,3.51,1.83,8.99,10.05,5.63,4.44,5.41,7.62
93.875,4.75,1.56,7.89,12.00,6.16,3.11,7.84,4.79
94.000,4.22,2.31,7.44,11.34,7.67,2.27,13.37,4.04
94.125,5.10,7.93,7.44,8.86,5.98,3.68,13.50,4.61
94.250,2.98,8.15,8.15,8.15,6.91,7.67,11.69,7.05
94.375,7.00,7.22,10.19,10.05,8.06,11.29,10.27,10.14
94.500,4.92,3.55,11.03,10.85,9.26,11.78,11.69,10.63
94.625,7.05,3.37,6.74,6.43,8.77,5.14,10.89,10.19
94.750,6.69,2.98,2.49,6.43,5.37,5.32,7.13,8.90
94.875,4.13,3.91,4.57,12.26,3.60,9.30,7.71,6.16
95.000,4.83,2.18,8.86,13.24,1.83,8.68,6.34,4.44
95.125,3.15,7.53,13.02,8.86,2.49,12.13,6.52,5.06
95.250,3.64,6.16,13.15,3.15,3.68,10.41,9.92,7.36
95.375,3.73,2.49,9.92,3.29,7.75,4.97,10.76,10.67
95.500,4.75,5.63,7.18,3.02,9.04,4.83,8.37,9.52
95.625,3.73,2.76,4.26,4.97,8.68,6.03,6.52,9.39
95.750,6.56,7.97,1.96,8.51,5.76,4.48,3.95,7.44
95.875,5.14,8.11,3.95,7.89,5.59,5.32,2.53,7.44
96.000,4.57,6.21,9.92,6.43,6.34,8.42,1.03,8.11
96.125,5.10,6.12,12.93,4.88,6.74,8.77,1.16,10.01
96.250,5.19,9.43,12.71,3.11,6.91,7.05,2.31,8.37
96.375,4.04,11.38,10.19,2.40,7.93,6.07,2.53,8.28
96.500,4.52,4.44,8.73,3.86,7.27,5.45,2.62,6.69
96.625,3.99,5.85,6.34,7.36,9.17,2.49,4.61,10.89
96.750,6.43,1.96,4.13,11.34,13.15,3.86,5.50,12.44
96.875,3.15,4.44,5.37,9.66,16.16,7.13,5.94,13.15
97.000,1.74,2.22,9.52,6.82,16.20,7.44,7.22,10.67
97.125,4.97,3.15,11.20,10.45,14.92,7.18,8.99,6.91
97.250,3.24,6.21,9.39,15.10,15.32,5.81,11.11,5.45
97.375,4.44,2.67,6.25,12.75,14.87,4.66,9.79,4.88
97.500,2.93,5.98,5.54,7.53,16.33,7.62,6.03,4.17
97.625,4.44,3.29,8.90,12.97,15.58,11.78,8.81,4.61
97.750,6.78,9.74,12.09,18.94,22.04,13.50,11.82,8.15
97.875,4.44,8.37,9.61,14.70,26.37,12.31,10.14,13.06
98.000,3.07,4.48,6.56,8.81,28.59,11.96,8.68,16.64
98.125,8.99,9.12,12.57,9.39,29.78,13.72,8.33,16.29
98.250,5.72,2.22,14.08,12.66,22.04,13.81,7.27,13.55
98.375,5.41,3.07,11.29,9.08,17.84,11.96,2.58,9.70
98.500,5.98,7.31,6.78,4.08,9.12,8.37,2.80,5.54
98.625,6.52,6.12,4.88,7.36,6.21,6.65,5.41,7.27
98.750,11.78,8.64,5.10,7.13,5.90,4.88,5.59,10.32
98.875,3.11,5.59,10.05,7.22,7.09,6.47,5.01,16.60
99.000,7.84,11.69,13.68,7.05,7.67,8.15,5.10,18.24
99.125,3.86,3.91,13.77,3.99,5.76,7.75,4.79,17.17
99.250,6.38,7.71,15.27,10.54,5.63,10.98,12.66,13.06
99.375,5.10,2.36,11.65,9.48,7.44,10.01,11.73,9.96
99.500,3.82,4.08,5.76,6.29,15.71,7.27,6.65,14.83
99.625,5.23,4.83,4.61,11.87,19.52,8.28,9.21,17.79
99.750,2.84,3.24,4.30,9.43,19.12,4.92,12.13,18.90
99.875,2.98,3.02,2.53,3.73,11.78,5.14,9.79,15.76
100.000,2.36,3.02,8.11,7.31,9.08,11.20,3.82,10.23
100.125,2.58,2.71,9.04,10.63,8.42,12.88,3.42,6.87
100.250,2.93,3.95,3.33,9.12,10.50,5.19,1.61,3.51
100.375,3.86,2.14,1.92,4.13,10.10,2.36,4.04,5.72
100.500,4.61,4.97,3.64,7.71,11.47,5.41,10.10,6.82
100.625,4.04,4.75,7.27,15.18,12.40,9.79,13.37,11.16
100.750,6.74,4.79,10.63,16.69,17.09,12.31,13.37,16.11
100.875,4.35,5.85,7.62,11.56,18.77,8.51,11.60,18.28
101.000,8.81,4.66,2.36,7.93,19.30,5.59,7.93,17.88
101.125,3.99,5.67,8.33,7.84,16.20,5.72,4.70,12.66
101.250,7.13,5.14,12.88,6.16,10.85,7.84,2.36,9.52
101.375,2.14,4.22,18.15,5.54,10.81,15.71,2.58,7.05
101.500,6.78,1.56,20.14,10.36,8.99,19.70,8.51,7.71
101.625,5.06,2.27,17.57,13.02,13.46,17.88,11.47,10.45
101.750,3.77,2.62,9.96,11.42,14.56,11.25,9.30,10.58
101.875,7.31,7.49,4.39,10.27,13.68,4.57,6.16,9.26
102.000,4.88,6.07,9.79,8.77,10.67,8.77,2.67,5.81
102.125,6.56,4.70,11.73,6.29,5.59,8.64,2.22,4.44
102.250,1.52,1.65,8.37,4.79,4.92,4.52,1.47,3.24
102.375,2.67,3.86,6.56,2.09,3.86,1.83,0.99,3.15
102.500,2.62,5.41,7.13,2.89,3.60,1.69,2.36,4.04
102.625,1.74,7.05,5.19,5.23,4.57,3.77,2.22,6.38
102.750,2.67,6.16,2.76,4.83,6.03,6.78,3.60,10.19
102.875,6.96,8.64,6.16,4.48,8.95,9.57,5.37,12.66
103.000,3.42,3.77,6.65,5.23,7.00,8.20,7.18,12.18
103.125,11.91,8.06,4.97,4.44,6.65,4.48,6.82,11.16
103.250,4.88,6.87,2.53,3.15,4.35,2.09,6.25,7.53
103.375,4.39,4.83,7.00,8.77,5.19,2.98,3.60,5.67
103.500,3.73,2.45,8.95,13.11,5.14,5.54,1.61,2.67
103.625,2.40,6.91,11.07,9.96,5.76,6.96,1.61,2.36
103.750,2.36,2.98,12.18,2.98,6.29,5.59,2.05,2.93
103.875,3.02,3.99,8.86,3.42,8.42,5.41,5.54,4.35
104.000,6.38,5.76,3.51,5.28,11.65,1.07,6.96,7.49
104.125,5.76,7.00,5.45,4.04,12.75,6.69,2.93,9.12
104.250,7.80,5.19,11.25,7.44,16.86,14.12,8.06,10.58
104.375,8.55,3.60,17.48,14.30,16.69,17.53,14.12,11.56
104.500,8.86,4.26,18.28,11.42,18.15,13.72,13.64,10.94
104.625,3.60,2.45,12.97,7.71,13.81,7.27,7.75,9.96
104.750,5.54,6.29,8.68,4.97,8.99,3.95,2.58,5.59
104.875,4.57,5.41,7.80,5.94,4.92,4.97,2.45,4.44
105.000,7.40,6.03,10.63,12.57,2.40,7.27,5.06,3.24
105.125,6.07,8.77,12.35,11.78,2.76,7.40,8.64,4.22
105.250,4.22,4.35,12.44,8.11,4.92,5.85,5.67,6.38
105.375,3.91,3.68,8.68,5.23,6.21,5.01,2.93,7.00
105.500,4.70,3.24,4.35,4.97,8.81,5.23,4.08,6.91
105.625,4.79,8.68,8.73,7.31,8.02,7.31,2.40,5.67
105.750,6.56,3.68,8.24,9.70,6.60,5.76,4.08,5.54
105.875,5.32,2.80,3.55,10.41,4.92,3.51,6.16,7.40
106.000,3.42,2.67,1.78,10.27,7.31,3.77,5.23,8.59
106.125,6.52,2.36,1.34,5.72,10.98,1.56,3.07,9.66
106.250,4.30,6.16,1.78,7.22,16.82,2.93,4.70,11.07
106.375,5.45,4.48,1.34,9.88,24.56,2.84,7.27,15.49
106.500,3.86,7.53,5.76,7.36,25.89,2.80,4.92,17.66
106.625,5.45,3.64,16.55,9.26,28.10,9.57,8.64,21.07
106.750,10.14,4.26,24.83,11.29,16.47,13.24,11.25,14.56
106.875,5.85,2.98,18.37,6.07,11.56,10.23,8.99,10.94
107.000,6.12,4.39,4.92,4.66,7.18,6.47,4.17,8.55
107.125,4.17,7.49,4.75,6.78,7.97,6.56,9.52,9.88
107.250,3.51,5.10,4.79,13.68,11.91,5.14,17.22,14.87
107.375,8.51,10.01,10.05,21.51,10.85,4.04,20.98,13.02
107.500,3.29,4.35,13.59,20.05,12.31,6.38,15.01,13.99
107.625,7.00,2.62,14.48,11.34,11.03,8.86,7.84,12.53
107.750,6.74,5.10,9.92,6.78,18.59,7.05,8.86,20.36
107.875,4.75,5.37,6.07,10.63,23.63,4.66,9.43,25.05
108.000,1.61,2.76,6.91,7.49,30.93,3.02,7.31,34.20
108.125,3.42,7.93,10.94,2.45,28.85,7.09,3.64,32.92
108.250,5.59,9.88,12.84,2.58,23.45,8.33,4.70,30.09
108.375,3.64,4.13,12.97,2.80,14.65,8.51,4.04,23.68
108.500,9.43,9.17,9.92,3.77,8.15,7.58,4.26,13.86
108.625,3.95,11.51,3.91,8.46,7.31,4.66,8.55,12.44
108.750,2.67,6.43,4.92,11.56,8.37,3.37,11.03,9.70
108.875,6.25,12.49,4.61,11.29,9.08,3.46,10.89,13.19
109.000,10.85,10.14,8.59,13.90,13.15,6.82,9.66,15.10
109.125,14.61,28.85,18.85,16.33,14.21,11.20,11.91,14.96
109.250,5.19,10.14,15.23,16.25,13.86,8.81,13.86,14.83
109.375,17.75,26.64,5.85,12.71,10.41,7.00,12.57,14.30
109.500,9.61,10.27,5.41,6.12,8.15,5.06,7.22,18.81
109.625,3.20,16.11,4.13,9.12,9.96,8.68,13.19,24.07
109.750,8.55,14.56,7.18,26.42,19.87,11.16,27.39,31.15
109.875,22.30,21.20,5.63,45.08,34.38,8.28,43.22,36.28
110.000,8.42,5.67,10.27,38.05,40.04,5.59,48.53,38.76
110.125,7.22,6.07,7.58,17.48,40.70,6.38,27.30,41.59
110.250,4.13,4.13,4.17,6.87,28.41,4.30,8.81,34.07
110.375,1.03,2.18,2.00,3.07,20.49,2.36,2.36,26.95
110.500,1.92,2.80,3.15,5.45,9.17,2.27,2.31,12.97
110.625,1.74,4.61,2.40,6.52,6.21,2.89,2.76,13.11
110.750,5.28,7.44,3.95,7.13,6.78,3.07,3.55,12.71
110.875,5.32,3.82,5.32,6.87,10.81,4.13,3.11,17.00
111.000,3.64,4.66,8.90,6.52,10.85,9.35,6.03,14.34
111.125,4.22,3.82,11.29,7.22,9.74,10.32,7.58,11.91
111.250,5.19,6.38,9.39,6.60,7.93,6.07,5.76,7.18
111.375,3.02,3.82,6.87,5.81,9.21,1.74,2.40,3.15
111.500,4.57,10.81,6.69,11.42,9.48,3.29,3.02,2.62
111.625,1.52,6.07,7.31,15.58,8.77,4.70,5.81,2.27
111.750,3.02,3.24,8.64,13.15,6.60,5.37,6.96,2.53
111.875,3.15,5.54,13.99,10.41,8.28,8.24,5.10,4.75
112.000,4.39,2.18,14.17,8.51,11.96,7.80,3.29,6.29
112.125,2.14,6.38,11.38,5.10,14.34,5.76,7.05,8.37
112.250,2.00,4.88,6.87,9.66,14.12,4.83,13.41,12.35
112.375,6.16,6.47,4.39,14.17,13.28,2.62,17.00,16.47
112.500,6.03,3.29,7.89,9.04,12.31,7.00,9.61,19.43
112.625,8.95,4.52,10.14,6.74,15.10,12.66,2.89,20.89
112.750,6.52,4.97,10.58,9.66,14.52,15.23,4.75,17.53
112.875,3.33,3.64,12.44,4.88,14.43,16.51,3.24,15.32
113.000,3.46,6.47,12.53,6.65,12.44,14.79,7.80,9.61
113.125,4.35,3.24,8.99,12.00,13.02,9.43,10.27,9.12
113.250,4.83,4.57,7.44,9.79,12.71,7.27,6.60,7.93
113.375,4.52,3.64,9.08,4.79,14.08,7.13,3.24,9.92
113.500,5.28,2.71,8.59,9.17,15.05,6.69,8.99,10.85
113.625,7.58,6.60,6.87,12.88,26.42,5.37,11.25,21.51
113.750,13.02,4.88,7.58,17.09,28.98,7.75,14.52,26.15
113.875,11.78,9.39,5.01,17.44,43.71,11.87,18.28,34.73
114.000,27.79,3.60,10.32,11.03,38.23,17.62,37.43,37.03
114.125,21.33,30.88,20.62,13.37,38.27,22.26,44.73,45.70
114.250,12.00,13.59,28.19,20.14,24.87,17.04,35.13,47.78
114.375,8.51,8.64,22.08,19.16,16.69,6.60,18.72,43.45
114.500,4.17,5.50,9.61,8.15,9.52,3.02,4.97,33.10
114.625,1.16,2.98,5.76,4.79,4.70,1.30,2.45,18.85
114.750,2.00,2.93,3.77,2.22,5.67,2.49,1.78,9.74
114.875,3.02,3.82,3.20,4.97,6.43,3.73,3.29,4.30
115.000,4.44,3.91,6.96,8.68,9.57,5.85,4.66,8.42
115.125,5.32,8.11,7.27,6.82,7.62,6.47,6.38,9.39
115.250,2.27,3.42,6.52,3.33,6.60,5.63,6.56,7.75
115.375,1.34,4.30,6.78,2.93,3.60,4.57,5.85,4.61
115.500,2.93,6.47,4.17,6.29,3.99,3.02,3.11,6.82
115.625,3.11,1.96,3.91,7.89,5.76,1.52,2.53,7.49
115.750,3.37,6.82,5.23,10.94,7.18,1.83,3.37,9.57
115.875,5.59,3.02,2.84,10.98,8.99,3.11,2.05,7.49
116.000,5.90,5.37,1.16,8.15,11.16,3.37,3.68,7.09
116.125,3.91,2.71,3.99,7.62,10.94,2.18,5.10,5.01
116.250,4.13,4.79,7.27,4.75,11.03,2.84,5.98,4.48
116.375,3.68,5.76,6.43,1.78,10.76,3.46,4.97,4.35
116.500,2.71,6.29,5.81,10.41,18.10,3.33,3.29,5.28
116.625,3.29,6.52,16.20,27.74,24.16,4.22,4.88,10.89
116.750,7.18,11.69,27.70,47.29,25.75,4.39,5.41,14.08
116.875,4.61,5.45,27.79,42.56,22.22,2.84,4.08,15.94
117.000,6.34,5.81,18.24,17.22,19.39,2.00,3.73,13.55
117.125,7.75,4.13,11.60,7.22,21.33,3.20,2.62,12.57
117.250,4.22,5.41,8.95,4.57,21.95,4.75,1.96,14.52
117.375,7.36,8.90,8.46,7.18,18.72,5.63,4.26,13.90
117.500,1.74,3.82,9.12,11.07,14.74,7.13,6.16,15.36
117.625,3.68,7.67,6.82,11.56,10.05,7.49,7.89,13.19
117.750,2.98,4.30,5.54,7.40,7.36,9.57,8.02,11.96
117.875,3.11,4.30,6.87,6.07,4.39,10.45,7.75,9.12
118.000,5.32,3.91,8.68,7.22,2.27,9.52,7.67,7.09
118.125,7.58,5.54,6.78,8.28,2.14,6.87,10.50,7.53
118.250,6.47,5.54,3.20,7.75,1.87,4.48,8.86,8.90
118.375,5.59,5.50,1.69,6.65,2.27,2.89,2.93,10.58
118.500,6.56,7.93,3.68,8.06,5.45,4.48,6.12,13.64
118.625,3.77,1.78,6.16,5.85,10.89,5.19,7.58,17.35
118.750,2.93,1.96,9.39,3.51,18.28,9.04,5.14,25.53
118.875,2.14,3.91,8.46,5.94,28.72,8.37,7.75,36.02
119.000,2.67,4.08,4.75,4.48,30.09,4.17,5.85,38.01
119.125,5.19,3.91,7.31,7.00,31.33,6.38,7.05,39.16
119.250,4.52,3.55,10.76,7.22,20.40,8.90,8.90,23.76
119.375,10.10,5.10,11.11,3.55,13.59,7.31,4.08,17.79
119.500,8.06,5.54,10.63,5.19,5.94,7.53,3.99,7.27
119.625,4.30,3.46,8.73,8.64,2.49,9.12,7.89,6.25
119.750,11.51,8.15,7.71,8.11,3.37,11.60,9.39,5.63
119.875,3.86,4.92,7.36,4.26,5.98,8.90,7.05,6.52
120.000,4.44,4.75,8.46,6.96,7.89,4.75,8.95,5.98
120.125,3.91,3.82,7.75,11.42,8.55,2.14,14.39,4.75
120.250,5.14,4.75,5.50,11.65,10.36,3.46,15.54,5.76
120.375,6.25,2.27,3.91,10.98,11.11,5.81,14.21,9.74
120.500,13.64,7.40,5.01,14.39,19.47,4.26,12.57,20.09
120.625,11.87,9.43,6.74,16.16,21.20,13.37,18.32,23.15
120.750,46.76,3.07,4.83,12.71,31.24,25.80,30.09,24.60
120.875,5.63,2.71,4.52,7.93,27.48,25.49,30.00,19.03
121.000,16.16,3.02,2.09,11.42,24.74,12.31,21.60,13.81
121.125,8.55,6.60,7.09,15.49,15.14,6.03,14.96,11.38
121.250,8.81,3.51,11.25,9.79,12.31,9.48,8.28,11.47
121.375,4.57,2.40,9.57,5.06,14.65,8.59,8.42,15.36
121.500,6.25,4.26,6.47,6.21,14.83,4.48,10.63,17.26
121.625,7.36,4.08,4.52,3.33,15.89,4.08,7.36,18.10
121.750,3.37,5.59,4.79,2.14,11.73,5.72,4.52,17.22
121.875,9.21,8.15,3.68,3.15,9.79,3.42,5.72,14.17
122.000,2.71,3.95,5.14,7.75,5.10,5.10,8.37,8.86
122.125,8.77,11.42,9.61,8.51,4.88,9.39,7.71,7.53
122.250,7.31,8.51,11.20,5.32,7.27,10.76,2.45,9.79
122.375,11.38,10.58,8.99,7.67,14.48,8.64,3.20,16.51
122.500,3.46,3.07,6.29,8.55,17.35,6.29,3.77,19.12
122.625,6.82,2.05,3.64,9.21,17.35,4.97,4.39,17.79
122.750,4.57,2.67,1.78,10.81,12.18,5.14,6.12,12.66
122.875,4.52,5.28,3.20,5.81,9.74,6.25,3.91,5.94
123.000,6.03,5.23,3.99,3.15,9.52,5.06,5.54,3.60
123.125,5.01,2.40,2.71,4.52,18.19,1.83,4.30,9.66
123.250,5.14,1.65,1.47,5.10,21.42,3.55,7.49,15.85
123.375,4.70,3.07,3.15,5.76,28.36,6.56,7.13,24.65
123.500,10.14,6.29,5.37,3.33,22.79,8.20,5.28,25.53
123.625,4.04,3.82,4.48,3.68,17.97,8.37,4.61,21.02
123.750,4.88,6.16,4.48,8.42,11.65,9.39,4.26,16.42
123.875,3.33,6.34,3.24,10.98,8.55,8.55,7.93,11.69
124.000,2.71,3.29,3.64,11.16,16.07,4.66,10.01,21.51
124.125,6.47,2.71,9.92,11.56,24.74,3.77,9.74,35.48
124.250,5.72,5.10,12.35,12.18,30.31,8.90,8.68,43.45
124.375,2.45,1.65,10.76,5.98,30.53,11.87,4.04,46.94
124.500,6.52,4.92,7.00,5.37,19.61,9.30,10.36,33.27
124.625,6.21,5.10,3.15,4.88,13.50,3.07,9.12,23.90
124.750,1.56,2.40,5.01,1.65,6.38,4.57,2.18,13.33
124.875,3.86,1.65,10.76,2.76,6.78,9.79,2.09,9.57
125.000,3.99,8.73,13.81,3.99,6.03,14.56,5.41,9.39
125.125,4.13,3.77,9.61,6.74,4.75,13.55,8.20,7.05
125.250,1.65,3.11,7.40,5.14,4.57,8.37,4.75,6.78
125.375,3.82,3.91,9.12,7.18,8.20,9.70,10.41,11.34
125.500,5.63,8.11,5.10,6.91,11.65,7.75,9.74,14.08
125.625,4.39,5.76,1.74,9.96,17.53,2.84,3.73,17.79
125.750,2.84,1.43,1.61,13.19,20.40,5.81,7.89,17.00
125.875,4.35,2.62,3.68,8.33,19.34,6.03,8.68,15.45
126.000,4.44,3.02,6.60,4.88,14.34,5.81,8.42,11.60
126.125,5.90,4.17,5.98,7.62,6.69,6.38,10.63,7.13
126.250,3.64,4.35,2.62,5.23,5.54,3.77,7.80,4.92
126.375,2.62,1.83,3.29,10.58,5.37,2.98,8.81,4.79
126.500,4.04,4.04,4.75,11.65,8.33,4.92,8.28,6.60
126.625,4.83,6.29,2.36,4.97,8.73,2.67,4.26,11.11
126.750,6.52,6.07,2.27,6.74,8.86,4.79,9.04,11.82
126.875,5.81,4.26,2.40,5.90,7.31,7.22,7.22,11.78
127.000,8.95,9.96,3.55,8.95,5.32,6.69,5.76,8.95
127.125,5.76,5.37,3.73,12.44,5.67,5.19,9.08,8.81
127.250,10.10,4.17,3.86,7.67,5.45,5.14,5.76,7.13
127.375,5.85,4.79,2.00,6.78,6.03,4.35,4.22,6.25
127.500,4.92,5.23,2.49,5.19,10.23,5.50,6.25,13.19
127.625,5.14,9.61,4.70,2.40,17.79,9.61,5.01,23.23
127.750,6.74,8.73,7.44,2.27,29.20,9.17,4.57,38.36
127.875,9.79,4.44,5.23,6.25,44.46,13.24,6.43,53.04
128.000,11.82,7.53,8.99,14.21,49.28,16.95,27.26,52.11
128.125,28.41,5.67,23.68,20.45,45.26,14.65,48.40,54.55
128.250,20.18,32.70,34.73,30.44,27.97,7.62,55.25,36.63
128.375,10.36,5.19,26.64,26.11,15.85,8.55,37.25,39.55
128.500,6.69,14.83,10.50,8.33,11.82,6.52,12.93,30.80
128.625,2.18,7.40,11.38,7.09,10.98,7.27,8.37,28.14
128.750,3.11,3.33,11.82,11.25,12.35,7.44,9.96,20.58
128.875,2.40,8.59,12.62,13.41,14.79,3.60,9.74,17.79
129.000,5.85,8.15,11.07,12.13,19.21,6.56,8.99,18.37
129.125,5.14,6.29,8.28,8.11,19.12,7.53,6.56,17.40
129.250,5.32,8.55,3.99,9.08,17.88,3.20,6.52,15.23
129.375,4.70,7.31,2.89,10.45,18.72,1.92,4.39,15.36
129.500,5.59,6.03,2.80,12.57,20.85,2.67,2.93,14.43
129.625,8.02,5.85,5.45,13.55,32.03,3.29,3.91,17.70
129.750,10.85,5.23,5.50,14.34,29.78,5.54,12.88,12.71
129.875,28.36,4.92,4.48,13.86,40.44,10.32,21.69,14.79
130.000,7.71,10.58,2.80,15.10,32.65,9.83,18.24,14.52
130.125,8.02,5.81,7.05,17.88,46.59,6.12,10.89,26.24
130.250,6.56,10.45,11.42,27.92,37.87,3.64,7.49,31.11
130.375,4.97,13.33,12.84,22.97,43.27,8.42,7.13,40.39
130.500,3.73,5.14,8.77,10.89,24.74,9.26,5.98,31.68
130.625,2.62,6.65,4.22,9.83,21.69,7.44,7.93,29.34
130.750,5.50,3.20,4.26,12.75,11.25,4.61,10.36,14.79
130.875,9.30,7.27,7.58,14.08,12.13,7.97,11.38,10.76
131.000,5.94,5.14,11.69,17.40,11.56,12.57,17.31,8.02
131.125,11.69,11.20,12.80,21.46,15.63,14.39,21.38,13.37
131.250,9.66,8.11,11.29,18.28,24.03,12.62,16.33,27.21
131.375,10.76,11.73,9.30,11.42,25.27,8.37,7.89,30.97
131.500,4.61,6.47,7.67,7.44,24.52,4.22,5.06,33.63
131.625,2.98,4.35,4.92,3.60,16.11,2.62,6.78,23.63
131.750,5.76,7.67,4.13,4.39,11.69,3.51,6.43,17.62
131.875,4.13,7.09,7.80,8.86,9.70,6.34,11.47,13.06
132.000,14.03,5.67,10.10,10.94,10.10,6.12,17.17,12.66
132.125,4.79,8.33,6.69,8.95,15.01,15.45,22.44,20.54
132.250,29.96,4.26,2.67,10.72,17.44,20.36,22.66,21.20
132.375,5.50,6.21,7.58,17.35,15.45,10.98,14.70,17.04
132.500,7.18,9.48,9.83,20.05,11.42,5.19,8.86,12.49
132.625,4.30,5.81,5.06,13.59,9.88,7.18,10.85,14.34
132.750,10.89,11.82,3.86,8.46,10.85,5.32,8.02,18.46
132.875,3.82,4.35,6.07,4.52,14.08,6.82,3.02,20.89
133.000,8.06,5.10,5.72,6.21,12.35,7.49,4.97,16.38
133.125,3.51,7.53,4.79,13.37,14.34,4.48,11.16,17.26
133.250,3.91,10.32,2.71,14.70,12.18,3.55,12.97,12.22
133.375,4.08,4.83,2.98,8.55,11.65,3.95,7.05,11.16
133.500,7.44,7.58,5.94,7.27,9.92,4.79,2.93,7.44
133.625,5.90,3.37,6.91,10.19,9.43,3.60,3.73,7.36
133.750,4.35,1.74,3.20,9.48,10.94,3.24,5.72,9.17
133.875,8.59,7.05,6.78,7.53,11.29,6.47,7.09,10.50
134.000,1.30,7.05,11.69,5.45,10.98,10.54,7.18,10.19
134.125,6.34,11.20,11.73,3.33,8.68,10.23,4.26,8.55
134.250,2.00,7.44,8.55,6.25,7.40,7.27,5.54,7.00
134.375,4.66,3.15,3.60,14.26,10.19,5.94,13.90,13.90
134.500,7.84,4.39,5.50,14.65,16.20,5.28,15.67,21.29
134.625,7.09,19.52,20.58,16.86,20.93,8.15,16.82,26.42
134.750,19.21,15.98,34.82,28.32,23.54,9.30,40.75,24.34
134.875,20.18,19.87,31.64,37.96,26.02,13.72,57.02,23.28
135.000,11.96,4.35,16.91,29.82,34.87,11.60,39.69,29.51
135.125,5.85,16.33,5.67,17.00,32.61,5.14,16.25,27.08
135.250,5.63,4.22,2.93,8.33,25.67,8.59,11.60,22.57
135.375,9.08,12.04,7.49,7.93,11.78,10.14,10.94,10.10
135.500,7.53,10.19,9.83,5.32,6.43,12.09,5.06,5.41
135.625,3.51,4.44,6.69,4.39,6.03,8.99,6.56,4.66
135.750,8.33,6.47,1.87,7.09,6.65,9.08,10.63,4.97
135.875,4.70,9.08,5.41,5.98,5.72,8.77,5.85,5.06
136.000,6.47,6.34,6.21,4.83,6.78,6.87,3.95,5.85
136.125,4.13,5.63,4.17,5.63,6.43,5.19,5.85,6.96
136.250,6.25,6.25,3.07,3.73,8.33,4.88,4.26,10.14
136.375,3.77,4.26,7.67,6.82,6.21,5.85,3.95,8.55
136.500,6.25,6.07,9.74,13.99,9.48,6.07,5.94,11.65
136.625,2.89,3.64,8.68,15.14,9.26,7.09,6.69,9.61
136.750,4.04,8.42,4.04,11.03,11.82,5.19,5.41,10.81
136.875,7.40,5.67,2.22,5.72,9.04,2.89,3.24,7.93
137.000,8.11,7.58,5.85,2.76,9.92,3.55,6.60,10.58
137.125,6.74,9.35,7.00,6.82,8.68,5.41,8.06,11.82
137.250,3.68,4.52,5.23,11.69,10.41,4.79,9.96,13.37
137.375,4.04,8.33,3.86,15.71,12.04,3.02,10.58,13.37
137.500,3.24,3.68,6.12,14.12,19.52,3.29,8.37,17.44
137.625,11.38,6.34,8.28,10.50,21.33,3.77,9.39,18.90
137.750,2.27,2.22,9.48,5.98,24.60,5.94,5.85,23.41
137.875,2.53,2.62,11.87,4.75,20.58,6.07,2.67,24.07
138.000,5.90,8.46,13.41,3.99,20.93,7.00,4.04,26.77
138.125,3.37,8.68,12.44,7.67,20.85,7.44,2.36,28.72
138.250,4.35,7.97,7.62,5.76,17.57,3.91,2.76,22.75
138.375,2.62,7.44,2.62,4.22,13.46,2.45,2.71,17.13
138.500,3.02,4.88,4.70,4.97,7.53,3.42,4.17,8.37
138.625,3.86,5.06,4.79,6.03,5.10,5.72,8.81,4.17
138.750,2.45,1.69,5.81,10.14,4.66,6.47,9.35,2.62
138.875,2.62,5.19,4.70,9.88,5.94,3.42,6.74,2.36
139.000,2.27,2.27,2.84,5.28,8.68,4.44,6.60,6.25
139.125,3.24,6.87,2.76,4.52,11.07,4.66,5.90,7.80
139.250,2.84,5.14,4.88,5.45,10.58,2.14,5.76,10.54
139.375,3.46,3.73,4.75,3.37,9.43,4.61,5.32,8.11
139.500,4.57,3.37,3.51,4.97,6.25,4.08,4.08,7.44
139.625,7.58,5.37,4.13,7.49,5.28,3.46,7.05,5.28
139.750,6.78,7.80,4.92,7.27,5.98,2.14,7.13,5.94
139.875,8.20,8.33,3.37,4.92,5.94,2.36,5.28,5.23
140.000,2.53,4.13,2.67,4.52,6.03,5.06,7.71,4.83
140.125,2.89,5.67,3.99,5.14,9.61,2.76,6.25,10.32
140.250,4.04,4.52,4.26,5.67,13.24,2.27,5.59,17.09
140.375,4.48,5.72,5.23,7.27,26.37,3.24,6.82,34.95
140.500,4.70,2.45,6.38,8.51,26.15,3.99,13.59,34.69
140.625,13.64,16.20,11.03,9.70,38.67,8.20,19.70,50.08
140.750,12.49,11.07,11.73,8.20,32.08,12.53,16.42,41.37
140.875,4.88,3.60,5.59,12.35,45.13,13.64,16.51,52.56
141.000,22.75,27.79,5.19,10.58,35.44,13.90,26.95,35.44
141.125,15.94,7.36,8.73,4.66,36.90,13.15,33.58,32.70
141.250,8.73,9.43,7.80,4.57,19.74,6.78,17.09,16.25
141.375,10.50,7.22,3.64,4.39,19.43,1.78,5.06,14.52
141.500,6.74,7.71,4.75,3.60,20.40,5.54,5.32,16.38
141.625,7.58,2.62,12.04,5.28,30.09,17.66,15.80,24.47
141.750,27.17,24.03,14.83,13.59,34.42,25.31,30.44,33.32
141.875,12.49,4.35,9.43,20.40,32.70,22.00,36.19,26.95
142.000,16.29,9.17,6.60,14.30,27.97,15.27,22.79,20.40
142.125,5.76,4.66,9.04,4.83,22.35,12.26,6.21,12.49
142.250,5.28,4.61,9.30,5.23,19.16,8.99,8.81,12.09
142.375,2.00,1.96,7.13,3.95,14.56,6.03,12.18,10.45
142.500,6.34,4.17,3.15,5.54,10.19,3.15,11.47,8.28
142.625,6.21,6.03,3.82,6.91,7.40,3.37,9.57,5.85
142.750,6.25,6.25,4.57,11.69,9.92,3.86,12.35,5.54
142.875,5.90,6.78,4.48,24.34,16.29,4.39,16.29,12.09
143.000,13.02,8.77,11.25,38.27,19.61,12.22,23.15,19.03
143.125,11.25,10.23,13.77,37.30,25.18,14.21,24.74,28.19
143.250,25.36,19.34,12.44,22.39,23.99,14.70,25.09,32.70
143.375,35.04,16.20,10.41,10.23,24.83,23.15,19.87,32.65
143.500,11.47,11.87,5.37,12.04,23.23,20.40,22.53,30.80
143.625,7.93,7.00,6.60,22.26,21.91,10.19,25.80,27.88
143.750,5.98,7.13,7.67,21.38,20.00,6.69,21.51,26.86
143.875,5.45,2.62,4.35,14.26,14.52,7.40,11.34,22.44
144.000,5.67,5.90,4.17,14.83,8.33,5.23,2.89,15.23
144.125,13.19,10.89,7.67,15.14,5.28,2.40,5.50,7.18
144.250,3.99,3.37,6.78,13.90,4.44,5.85,6.65,4.39
144.375,7.80,4.30,3.68,9.57,6.87,7.44,6.29,5.06
144.500,5.85,2.62,2.98,6.16,7.49,7.36,5.76,8.81
144.625,3.29,5.98,4.57,5.54,15.49,6.47,3.82,17.70
144.750,8.42,10.05,6.16,10.19,19.65,3.82,6.43,24.78
144.875,5.59,7.27,16.25,23.10,22.84,9.92,16.20,27.26
145.000,32.12,24.21,32.65,43.89,16.02,24.07,38.93,22.79
145.125,9.79,10.67,31.46,43.93,12.44,25.98,42.43,14.79
145.250,6.74,4.22,14.96,17.26,12.04,14.30,16.20,13.15
145.375,5.72,4.70,5.37,7.00,17.09,4.75,7.36,15.49
145.500,3.42,5.81,3.46,9.61,13.72,4.75,12.18,12.44
145.625,2.05,3.29,3.68,9.21,11.20,4.57,11.07,9.74
145.750,3.95,4.26,6.25,6.78,5.23,1.69,12.04,4.44
145.875,4.39,6.91,6.34,2.49,5.14,3.15,9.74,4.61
146.000,7.31,8.90,4.04,8.37,3.99,5.10,4.08,4.13
146.125,4.39,3.46,2.89,11.51,4.92,5.14,9.35,4.35
146.250,9.88,8.28,4.13,9.17,8.95,4.88,10.45,7.44
146.375,4.17,5.67,6.96,7.71,12.44,5.63,4.08,8.20
146.500,4.22,1.83,10.63,7.67,15.18,10.58,3.86,10.76
146.625,2.98,3.73,10.76,5.59,14.03,12.22,5.45,9.66
146.750,3.86,5.23,5.59,2.27,9.96,8.55,2.84,11.07
146.875,2.27,4.61,5.45,2.45,6.74,3.68,4.08,12.80
147.000,6.12,5.54,5.94,5.63,3.51,2.31,6.96,12.66
147.125,7.84,7.93,3.20,11.16,4.57,4.52,10.27,13.06
147.250,6.52,9.70,8.99,15.41,4.08,8.42,14.74,11.47
147.375,7.44,8.15,9.08,10.89,7.13,6.82,10.41,12.88
147.500,11.60,13.11,7.53,2.22,10.45,5.10,4.48,14.12
147.625,8.73,9.96,5.45,3.33,16.60,7.00,5.28,20.09
147.750,5.76,6.69,3.46,3.46,20.93,6.21,3.51,22.39
147.875,10.94,10.05,3.82,5.98,20.76,4.13,6.65,24.03
148.000,8.73,10.63,3.60,9.43,22.30,5.23,12.18,24.56
148.125,3.86,5.37,2.27,9.04,16.33,4.92,10.14,21.77
148.250,6.43,4.61,7.13,8.28,14.30,5.76,7.97,20.40
148.375,7.00,12.57,12.04,11.11,7.44,7.97,10.67,11.42
148.500,8.33,11.56,11.65,12.09,5.85,6.74,4.83,8.11
148.625,5.63,8.73,6.60,9.12,6.38,2.40,4.75,5.37
148.750,5.94,7.97,5.01,6.34,10.36,5.59,8.73,8.11
148.875,5.23,5.94,8.42,8.37,17.97,3.73,11.25,22.17
149.000,7.31,12.93,15.45,13.41,20.18,13.99,10.27,40.22
149.125,3.37,7.97,24.16,36.41,17.04,15.94,5.59,51.89
149.250,7.13,33.94,23.68,43.58,13.50,10.19,7.53,57.29
149.375,12.57,1.83,10.45,27.88,14.96,3.86,11.60,40.00
149.500,4.97,6.12,3.37,10.58,20.05,6.21,7.09,27.44
149.625,7.80,3.02,4.17,6.25,23.06,6.60,4.26,13.64
149.750,4.61,6.47,2.49,5.85,18.94,5.85,5.06,16.02
149.875,3.11,3.77,6.38,7.84,14.87,9.61,7.31,15.85
150.000,7.53,11.03,8.68,5.67,8.02,10.67,5.23,13.55
150.125,7.58,7.00,3.07,4.83,6.82,4.79,2.53,7.84
150.250,8.86,8.15,8.15,4.79,7.13,6.07,2.98,6.29
150.375,5.94,3.64,15.80,3.60,9.17,12.40,2.09,5.45
150.500,8.24,14.30,16.78,10.01,9.79,12.97,5.23,6.91
150.625,3.37,4.70,13.90,14.79,11.25,10.98,6.43,9.43
150.750,6.21,7.44,9.88,11.42,12.40,8.59,4.48,10.63
150.875,9.12,7.71,2.49,4.79,11.65,3.51,5.14,11.29
151.000,7.09,6.82,2.18,1.65,11.42,3.33,3.55,9.70
151.125,17.93,9.43,3.20,3.55,7.58,3.68,2.84,7.36
151.250,10.01,9.08,6.47,4.44,6.25,4.52,4.66,5.01
151.375,9.35,3.51,8.81,7.89,4.66,8.46,7.18,3.86
151.500,6.82,12.62,9.57,9.48,3.86,6.60,6.03,3.24
151.625,4.66,6.65,6.82,8.99,4.66,2.00,3.33,2.27
151.750,4.22,3.33,3.82,13.90,11.29,6.43,3.42,6.65
151.875,9.83,11.20,4.61,22.00,19.92,6.56,8.64,10.98
152.000,6.91,6.65,4.83,27.74,29.69,3.68,16.47,20.18
152.125,3.68,6.43,4.83,15.32,38.58,3.46,11.87,26.59
152.250,6.07,7.84,4.75,6.21,37.48,5.85,7.97,30.53
152.375,4.22,5.85,5.54,9.39,42.78,6.82,8.15,36.24
152.500,4.04,3.37,10.50,8.15,32.92,8.55,6.74,30.97
152.625,5.98,5.06,14.12,13.46,38.09,11.78,11.51,33.89
152.750,5.19,9.21,7.53,21.15,33.45,5.14,7.62,30.00
152.875,15.58,11.73,9.70,13.86,30.97,10.58,16.33,28.41
153.000,26.02,36.02,16.20,21.29,21.82,14.65,27.39,22.92
153.125,13.55,5.23,17.70,22.97,12.44,5.54,22.00,13.90
153.250,6.12,9.21,19.30,11.69,11.38,11.56,12.97,12.09
153.375,9.74,8.11,15.80,8.46,14.87,12.13,8.73,11.25
153.500,12.80,11.56,5.98,4.97,14.34,5.72,4.97,10.72
153.625,6.60,6.16,3.11,12.00,10.76,5.41,6.03,8.37
153.750,11.78,13.77,2.05,18.37,10.98,3.82,14.70,11.38
153.875,12.84,10.89,3.77,14.79,15.85,3.42,15.89,17.26
154.000,4.52,5.98,5.50,5.45,30.71,4.17,5.50,31.86
154.125,8.20,6.82,7.22,4.97,33.94,4.04,6.21,34.95
154.250,13.95,14.79,7.22,14.92,34.82,6.74,15.41,35.75
154.375,13.19,12.18,9.83,26.02,27.13,13.81,23.01,29.60
154.500,18.46,18.85,10.01,30.35,21.77,14.83,25.71,21.55
154.625,7.75,9.52,7.53,19.70,24.03,11.60,15.36,23.28
154.750,8.24,7.53,3.07,10.32,24.21,5.14,8.46,20.80
154.875,3.24,1.96,7.13,13.99,26.51,7.58,16.07,23.63
155.000,5.54,3.42,9.92,15.23,24.12,10.58,17.57,21.42
155.125,4.88,3.42,11.60,15.18,21.15,11.51,17.35,20.58
155.250,5.14,2.80,8.77,13.15,16.78,9.39,14.12,17.70
155.375,1.92,3.33,5.50,7.84,12.35,5.01,8.51,15.14
155.500,7.18,5.90,3.60,4.04,11.91,3.20,4.83,12.66
155.625,2.18,4.26,2.53,6.91,11.34,1.92,2.80,10.14
155.750,5.98,5.37,1.74,10.85,10.54,2.84,3.68,6.82
155.875,4.97,4.26,3.86,13.55,8.11,4.57,12.13,4.61
156.000,6.38,6.52,8.95,13.15,7.75,8.06,15.98,5.59
156.125,4.04,4.17,9.08,12.09,9.79,9.12,15.10,9.21
156.250,8.51,8.99,8.37,13.55,13.95,9.83,12.97,12.31
156.375,5.41,8.37,14.30,20.40,16.78,14.92,18.94,14.08
156.500,13.19,4.48,16.86,31.42,17.26,24.03,25.44,13.41
156.625,14.17,13.90,11.96,45.83,12.75,29.78,27.26,17.26
156.750,23.59,15.41,2.89,49.95,15.80,31.64,30.58,27.26
156.875,18.37,3.46,9.43,28.01,26.11,22.66,23.41,46.85
157.000,15.18,4.70,9.66,5.90,48.75,9.43,13.68,61.84
157.125,43.45,6.03,3.68,7.22,50.57,29.60,22.88,58.22
157.250,8.95,5.81,4.30,9.83,51.98,28.36,29.56,50.70
157.375,14.12,4.30,2.40,12.09,30.00,12.53,16.02,28.85
157.500,10.94,7.18,5.63,9.52,24.69,2.18,6.16,24.34
157.625,4.13,5.06,5.14,7.62,13.37,3.46,7.75,17.26
157.750,2.80,3.95,3.82,6.21,14.21,5.72,8.77,16.60
157.875,6.65,11.47,5.90,12.26,9.17,6.60,12.35,16.69
158.000,2.45,7.27,4.22,16.42,7.22,3.60,15.14,12.93
158.125,5.19,7.75,5.14,12.13,3.86,2.53,15.36,11.56
158.250,2.67,2.27,7.40,4.79,3.99,4.08,10.67,7.75
158.375,4.04,4.79,6.38,2.93,6.56,3.86,4.66,7.80
158.500,5.32,4.22,4.66,4.92,6.34,2.89,6.03,7.67
158.625,13.99,9.04,5.19,10.10,12.62,3.95,7.75,15.01
158.750,11.38,13.77,5.23,10.81,15.80,7.13,6.16,19.65
158.875,12.75,8.95,11.78,23.41,21.24,13.64,17.40,25.05
159.000,23.99,23.81,13.68,49.59,18.19,17.79,35.35,22.53
159.125,12.40,23.15,11.69,58.57,17.97,17.93,43.09,23.45
159.250,15.36,13.86,12.09,34.33,23.81,12.57,28.19,32.57
159.375,9.35,6.07,8.68,7.13,26.46,6.12,7.93,33.98
159.500,5.90,5.32,5.85,3.64,23.63,4.79,7.75,29.69
159.625,4.17,2.98,3.60,2.84,14.48,1.43,6.43,16.33
159.750,5.32,9.30,2.71,3.91,9.08,3.77,7.80,8.28
159.875,4.92,3.24,4.75,1.78,9.74,5.94,6.52,4.88
160.000,5.50,8.20,8.24,2.09,10.50,8.28,3.46,4.04
160.125,3.55,3.07,9.52,2.53,12.13,9.66,2.40,4.39
160.250,5.01,9.96,7.84,2.36,10.10,7.44,5.06,4.61
160.375,4.66,1.69,2.76,5.19,8.28,2.53,7.00,3.07
160.500,10.23,6.29,5.50,9.43,5.28,2.80,6.43,2.67
160.625,4.04,2.49,10.32,13.24,6.21,7.49,8.68,4.70
160.750,6.87,5.98,12.93,11.73,7.18,12.13,9.92,7.67
160.875,3.60,4.08,15.05,9.08,10.85,15.10,9.39,11.51
161.000,7.49,7.62,13.55,7.00,9.61,12.75,6.16,11.60
161.125,1.96,6.12,8.15,6.43,8.24,7.27,2.58,8.81
161.250,2.76,5.81,4.30,8.42,5.28,4.30,3.68,6.65
161.375,1.96,3.64,6.87,10.94,5.10,5.81,6.47,5.54
161.500,4.92,9.21,6.21,10.94,6.96,5.72,7.22,7.36
161.625,3.55,4.13,2.80,5.90,7.05,1.34,3.37,6.07
161.750,6.16,7.49,8.73,4.70,7.71,7.27,5.59,5.28
161.875,4.22,7.40,13.33,3.99,17.88,11.69,9.83,11.96
162.000,5.72,5.41,12.97,2.36,29.16,10.27,12.35,18.99
162.125,5.19,6.91,9.48,9.70,41.23,4.35,8.33,29.51
162.250,5.32,3.68,5.23,11.87,48.13,5.28,4.75,33.54
162.375,3.55,4.97,3.95,9.39,41.01,7.49,5.94,32.61
162.500,4.13,6.47,4.66,6.12,34.56,4.44,8.99,31.42
162.625,2.67,5.14,8.24,7.58,15.45,5.76,7.49,20.00
162.750,6.69,6.60,10.23,6.43,10.54,9.30,8.77,16.29
162.875,4.30,3.15,10.01,7.53,5.45,8.55,4.39,9.30
163.000,4.57,6.52,9.35,8.20,7.49,8.68,3.02,11.51
163.125,7.84,7.67,9.21,9.52,8.06,8.86,7.09,11.47
163.250,4.52,5.45,10.19,9.48,10.54,10.76,8.06,13.99
163.375,5.59,2.80,8.51,4.52,15.14,9.96,4.66,16.73
163.500,2.31,2.98,10.36,6.47,19.56,6.65,5.54,19.30
163.625,7.31,3.86,12.44,6.82,22.97,3.86,7.97,20.45
163.750,6.29,1.92,10.67,4.88,25.80,6.12,5.10,20.05
163.875,5.94,8.99,10.85,11.03,25.27,8.42,10.27,16.91
164.000,5.06,1.25,9.52,9.39,20.80,7.93,11.20,13.50
164.125,9.26,12.13,4.79,5.32,13.55,4.83,7.67,9.26
164.250,9.04,6.16,5.37,5.67,8.51,3.46,3.77,8.24
164.375,4.04,7.40,3.07,7.53,6.38,4.79,3.51,8.64
164.500,8.20,10.36,6.34,7.93,4.79,5.41,3.86,6.65
164.625,8.64,9.88,12.04,6.60,7.89,7.93,5.06,5.59
164.750,9.48,14.61,12.88,11.03,8.64,8.06,7.58,3.68
164.875,3.64,2.53,10.32,12.62,11.11,4.48,7.93,5.28
165.000,3.20,3.82,5.45,6.87,8.68,1.87,4.70,5.63
165.125,2.31,8.51,6.96,2.98,9.88,4.13,6.29,7.18
165.250,4.79,9.52,11.38,7.22,6.56,8.20,9.21,6.12
165.375,2.93,8.77,12.18,9.74,6.07,10.19,8.77,5.76
165.500,3.51,8.55,8.24,7.49,4.26,7.22,5.50,4.48
165.625,5.37,7.89,4.75,5.59,7.93,3.73,3.68,4.92
165.750,1.38,2.09,5.37,15.27,9.04,5.85,7.93,5.19
165.875,3.20,4.04,7.89,24.25,11.42,7.18,10.89,7.13
166.000,5.90,3.11,9.66,20.85,8.68,7.31,9.83,8.55
166.125,12.09,5.37,5.72,15.71,8.59,5.23,9.79,12.31
166.250,9.96,2.36,8.59,13.86,12.40,7.75,5.54,13.46
166.375,5.67,8.77,12.18,7.93,14.12,10.81,8.59,12.93
166.500,8.24,9.66,10.45,12.80,15.18,11.07,16.64,11.42
166.625,3.77,3.95,10.10,12.40,12.49,11.65,13.77,8.55
166.750,9.48,5.90,12.18,7.36,11.78,12.88,7.75,8.55
166.875,2.40,2.53,11.87,3.51,10.81,11.51,2.71,7.13
167.000,12.71,8.42,9.74,5.59,12.66,10.10,3.29,8.55
167.125,4.75,4.39,7.44,6.96,12.49,7.75,3.42,7.67
167.250,8.33,5.72,6.52,10.63,13.41,5.32,5.50,9.88
167.375,7.49,6.87,8.81,13.28,8.33,8.37,6.34,7.75
167.500,11.34,7.40,8.64,13.02,6.56,8.20,6.03,6.34
167.625,3.64,6.16,8.86,11.20,4.44,8.95,7.71,3.73
167.750,6.91,6.03,7.75,7.09,3.95,8.37,4.79,2.93
167.875,5.98,4.79,3.86,3.77,3.24,7.05,3.37,2.53
168.000,7.36,7.05,1.96,7.49,3.42,6.25,7.58,2.49
168.125,9.08,4.97,3.95,15.49,3.42,5.23,12.22,3.24
168.250,4.57,4.44,6.52,17.62,3.82,4.39,12.97,6.82
168.375,3.64,5.14,6.96,13.37,5.32,5.01,8.55,7.44
168.500,3.20,5.06,2.62,9.96,5.67,3.29,4.13,8.86
168.625,10.76,12.62,7.40,5.59,6.60,8.42,1.87,6.21
168.750,9.74,9.96,10.50,8.11,5.41,10.85,5.19,7.75
168.875,4.35,3.95,8.37,17.13,10.50,5.45,14.43,11.87
169.000,5.90,4.66,9.92,22.44,16.64,9.12,19.74,18.77
169.125,4.79,3.95,11.78,21.02,26.11,13.24,19.87,26.82
169.250,5.37,7.62,7.80,9.08,35.35,8.73,11.07,35.31
169.375,2.71,3.37,4.57,4.22,32.39,2.18,4.75,32.03
169.500,7.58,10.32,4.61,5.45,33.23,2.27,8.02,31.33
169.625,5.06,3.37,4.79,8.59,22.35,2.76,12.84,19.70
169.750,7.71,10.23,2.98,13.59,24.78,3.33,11.60,20.89
169.875,9.26,5.14,2.49,18.15,16.51,1.43,12.53,12.93
170.000,9.52,7.36,3.86,15.54,15.10,3.46,13.72,12.40
170.125,7.93,7.13,11.03,14.52,11.34,8.20,12.53,9.61
170.250,6.16,6.47,12.26,8.99,12.57,9.04,5.50,11.47
170.375,8.55,10.81,4.22,4.52,14.56,4.26,2.62,12.09
170.500,4.79,1.34,5.98,5.67,13.59,3.51,3.29,10.54
170.625,8.28,10.67,7.97,4.79,12.31,5.41,5.50,8.51
170.750,2.84,5.45,5.72,7.44,12.75,4.88,3.51,8.28
170.875,17.09,17.04,2.93,9.26,21.42,4.44,5.76,12.57
171.000,4.35,8.59,6.60,16.11,25.62,6.34,24.25,16.02
171.125,47.47,42.25,8.68,38.54,27.08,6.38,54.15,17.93
171.250,3.07,5.10,8.28,43.53,19.08,6.12,56.40,17.62
171.375,16.60,15.14,4.13,31.50,13.68,4.44,32.03,19.74
171.500,6.03,10.05,6.52,18.15,10.27,5.63,12.13,20.00
171.625,12.04,10.32,8.28,4.97,7.80,7.18,4.48,16.07
171.750,3.73,4.83,9.61,3.99,6.47,9.83,8.15,10.27
171.875,6.07,5.90,7.89,7.27,4.79,10.41,11.20,5.94
172.000,7.13,8.37,9.12,4.30,6.91,10.23,6.96,6.82
172.125,4.26,4.17,7.49,5.01,8.77,7.00,5.85,8.02
172.250,5.41,6.69,11.42,14.30,10.10,8.02,12.49,6.96
172.375,9.70,7.49,20.45,13.72,10.81,13.33,12.31,5.32
172.500,3.77,3.42,20.85,6.82,10.10,16.55,12.80,5.06
172.625,5.54,3.68,11.25,12.62,11.16,13.15,15.85,8.99
172.750,3.24,4.61,8.77,16.29,12.31,10.85,10.50,11.51
172.875,2.14,4.13,6.43,17.53,13.50,6.16,10.89,12.75
173.000,3.07,3.68,2.36,11.56,13.86,1.78,7.40,10.54
173.125,3.42,4.26,4.97,5.98,9.39,4.88,3.73,7.31
173.250,5.67,4.61,7.93,5.37,7.40,6.38,6.29,5.54
173.375,4.66,5.72,5.41,12.04,7.58,2.49,8.55,5.23
173.500,6.78,3.55,6.78,15.98,12.93,7.40,8.37,8.06
173.625,4.57,5.37,9.43,13.28,16.86,10.81,9.08,11.78
173.750,8.28,5.50,8.81,7.97,17.88,10.72,9.26,13.41
173.875,3.73,4.52,3.86,5.94,16.42,7.31,8.86,14.39
174.000,5.41,3.68,2.18,7.84,12.04,4.88,7.97,12.49
174.125,4.75,4.92,3.86,9.92,8.81,4.08,6.07,11.11
174.250,4.48,2.84,4.83,10.14,6.87,2.67,3.95,9.48
174.375,13.28,15.85,6.16,8.06,6.74,3.42,4.08,7.75
174.500,4.61,6.69,4.88,4.44,6.91,5.23,6.52,6.56
174.625,6.78,8.24,11.47,7.75,5.41,8.64,6.65,5.94
174.750,5.37,5.37,14.52,11.42,6.65,9.57,6.43,9.66
174.875,4.17,5.23,9.92,11.69,9.88,8.11,5.76,12.26
175.000,7.27,8.86,5.01,7.67,10.36,8.20,5.63,13.28
175.125,6.47,4.22,4.04,3.37,10.23,8.11,3.46,11.56
175.250,8.95,5.85,3.42,5.28,8.33,5.54,3.68,10.54
175.375,5.50,2.40,1.30,2.76,7.71,2.62,4.04,9.35
175.500,6.69,6.47,3.07,3.29,6.78,3.64,2.22,7.84
175.625,5.76,7.31,3.86,7.22,5.45,4.57,1.74,7.05
175.750,1.30,4.04,5.23,7.93,7.18,4.04,3.11,9.66
175.875,6.47,9.39,8.55,4.88,12.40,4.83,4.39,19.52
176.000,4.83,5.32,7.80,8.20,15.54,6.21,7.13,24.25
176.125,2.14,2.49,4.66,10.85,22.84,5.06,6.96,30.62
176.250,9.30,10.23,3.42,9.79,20.05,3.60,5.94,23.23
176.375,4.66,4.08,9.08,10.54,20.58,9.57,6.87,19.78
176.500,4.97,7.62,15.01,14.70,12.53,13.50,10.05,12.31
176.625,3.37,3.68,16.69,18.50,10.01,13.15,18.06,14.17
176.750,6.65,9.43,13.86,16.25,7.49,9.83,13.99,14.17
176.875,4.97,5.41,9.52,6.69,10.41,5.85,4.26,20.00
177.000,3.68,5.50,7.36,6.56,18.99,6.29,7.09,23.50
177.125,4.44,6.96,4.83,10.67,22.61,4.83,9.21,27.17
177.250,2.67,5.14,3.11,6.96,28.67,4.17,7.18,32.92
177.375,16.91,7.44,6.29,8.46,23.28,9.30,10.27,27.61
177.500,7.62,11.91,18.19,14.48,21.95,22.84,15.63,27.48
177.625,30.62,16.86,19.61,11.07,19.78,24.96,18.55,24.12
177.750,4.66,6.52,8.20,4.48,22.13,12.40,14.34,26.59
177.875,8.24,7.00,2.71,5.23,23.37,5.85,9.57,28.05
178.000,5.45,9.26,4.75,5.81,24.65,8.68,7.71,28.54
178.125,12.84,7.13,2.58,8.77,18.55,5.59,7.97,23.15
178.250,9.74,7.93,3.73,13.06,18.46,7.49,12.09,21.24
178.375,7.31,4.88,2.09,10.50,13.46,6.74,12.31,15.32
178.500,8.28,4.88,3.77,5.81,16.91,3.91,9.92,18.06
178.625,7.22,4.30,4.35,5.98,14.26,4.97,5.10,14.39
178.750,3.60,6.69,8.02,8.64,13.28,7.13,8.20,12.66
178.875,2.27,2.58,8.28,7.58,10.81,5.41,11.03,9.70
179.000,5.41,5.72,6.65,8.46,10.72,2.98,10.76,12.00
179.125,2.71,2.00,4.92,9.21,9.92,2.71,7.97,11.42
179.250,2.98,4.44,3.20,7.62,7.89,3.77,4.22,11.78
179.375,2.62,2.31,2.80,2.89,6.07,6.87,1.43,10.27
179.500,5.50,3.46,4.61,3.33,3.95,8.02,2.53,8.90
179.625,5.28,2.53,3.91,5.76,3.29,3.51,3.64,6.69
179.750,6.34,4.26,3.37,5.45,2.27,2.18,4.13,3.46
179.875,2.49,3.86,3.55,3.95,1.96,3.68,2.40,2.89
180.000,2.53,8.37,5.85,4.30,2.05,2.22,1.74,4.04
180.125,1.56,4.17,10.63,3.91,2.05,2.18,1.56,4.17
180.250,1.92,7.36,15.94,2.00,3.29,5.14,3.51,5.90
180.375,4.39,2.62,15.71,5.01,4.39,8.33,6.21,6.74
180.500,6.69,2.93,9.26,4.83,6.03,8.68,6.47,7.18
180.625,5.06,4.66,7.44,4.79,4.97,6.21,2.40,5.85
180.750,7.53,8.20,7.62,6.25,5.67,4.75,4.57,4.22
180.875,4.79,3.77,7.71,3.55,6.03,4.04,2.89,4.22
181.000,1.78,1.87,8.42,4.48,9.66,3.60,5.41,6.78
181.125,3.42,7.93,8.02,5.90,9.39,3.02,4.26,7.97
181.250,2.14,4.92,6.12,10.89,7.36,2.76,2.76,7.71
181.375,3.51,6.60,4.52,12.13,4.61,3.64,5.06,4.61
181.500,6.03,6.12,5.19,10.76,4.13,4.26,7.71,3.46
181.625,5.01,5.19,7.44,8.46,4.26,5.85,7.75,4.39
181.750,3.82,5.54,4.39,5.67,4.88,3.82,5.06,7.18
181.875,7.31,4.04,5.41,6.03,5.41,5.76,4.48,8.68
182.000,5.41,7.62,10.67,12.04,6.82,9.30,8.90,9.08
182.125,4.35,7.36,10.32,15.80,6.91,9.70,12.09,8.42
182.250,8.33,6.74,11.60,11.69,7.00,11.65,8.37,6.16
182.375,8.55,12.09,16.51,5.28,6.74,18.28,6.16,7.36
182.500,6.78,5.90,16.82,5.28,7.00,20.71,7.40,7.09
182.625,13.33,12.31,11.73,5.67,4.83,13.72,4.30,8.59
182.750,5.19,4.44,13.46,3.07,5.23,10.27,4.13,9.66
182.875,7.93,7.58,15.27,7.44,4.83,9.39,4.13,10.98
183.000,3.02,3.02,11.51,10.67,6.38,5.59,3.15,10.85
183.125,4.48,5.98,5.28,10.27,8.11,2.58,3.64,10.27
183.250,2.98,1.56,3.82,3.82,8.11,5.76,3.07,9.26
183.375,8.73,11.82,7.62,3.77,8.46,10.58,7.44,8.73
183.500,3.07,5.50,7.40,5.59,6.43,10.85,6.16,5.76
183.625,7.36,6.69,3.33,3.86,7.75,4.57,4.44,4.08
183.750,6.47,3.55,9.88,3.46,7.09,7.67,4.97,4.83
183.875,4.92,7.27,9.66,4.75,9.08,10.10,4.08,9.88
184.000,5.14,5.41,4.66,10.14,7.89,6.74,4.44,10.32
184.125,2.71,5.10,7.84,12.13,8.06,4.13,5.06,9.12
184.250,3.95,4.48,8.37,11.65,5.28,4.35,9.04,4.97
184.375,2.53,3.60,5.85,12.09,4.35,1.52,13.90,4.61
184.500,3.37,2.71,6.87,12.71,3.51,4.66,16.86,5.76
184.625,4.66,4.92,10.72,11.16,3.33,5.76,16.91,7.40
184.750,5.50,3.15,8.90,4.97,4.39,5.01,6.91,9.83
184.875,3.68,4.48,3.73,3.46,6.47,3.46,5.67,12.40
185.000,4.22,3.20,2.45,6.16,12.80,3.68,8.90,18.94
185.125,3.02,1.38,5.23,9.12,17.62,4.35,10.23,23.15
185.250,4.83,5.01,9.26,6.52,23.59,7.75,12.84,29.20
185.375,3.99,3.73,8.55,11.96,17.40,10.23,14.08,22.13
185.500,5.63,5.37,5.45,14.96,12.97,6.65,13.86,19.25
185.625,6.34,4.88,6.25,9.70,6.03,2.76,8.20,11.51
185.750,2.76,4.44,5.98,10.19,6.47,5.67,8.55,12.13
185.875,2.84,2.67,5.37,10.63,7.89,5.94,9.17,12.18
186.000,3.86,3.29,2.53,8.24,8.37,3.11,7.80,12.62
186.125,5.94,3.82,2.49,5.59,10.19,4.57,4.61,11.65
186.250,3.64,6.07,5.14,4.52,7.49,4.08,1.87,8.68
186.375,2.14,5.45,6.52,1.83,7.80,1.56,1.38,7.84
186.500,2.36,3.51,5.90,3.95,5.85,0.94,1.25,6.56
186.625,0.94,5.54,4.52,7.18,5.76,0.90,1.12,6.96
186.750,1.61,6.34,8.55,9.39,7.27,1.69,1.34,5.54
186.875,3.15,5.54,8.68,7.93,8.37,2.40,2.36,7.53
187.000,3.99,5.37,5.81,5.32,14.17,3.42,4.08,7.62
187.125,7.58,6.82,5.94,4.22,13.24,4.17,4.75,7.53
187.250,9.79,7.58,5.67,4.04,13.77,6.91,4.39,5.01
187.375,4.22,1.38,4.39,10.98,11.16,8.37,7.31,3.77
187.500,2.84,3.95,6.69,15.67,13.15,7.09,11.38,4.70
187.625,0.90,4.75,11.47,7.22,15.98,4.35,8.64,6.16
187.750,2.00,8.11,11.82,6.87,23.99,2.31,5.10,7.67
187.875,5.32,3.86,6.03,9.35,26.51,2.05,4.04,7.13
188.000,3.64,6.52,3.82,9.52,26.15,4.13,1.78,7.31
188.125,4.35,4.30,7.75,11.91,18.41,6.47,6.74,5.76
188.250,2.09,6.52,4.83,14.43,12.62,5.41,9.35,9.43
188.375,5.10,3.68,4.52,11.16,9.74,4.79,5.85,9.61
188.500,3.82,5.50,6.74,10.76,13.06,6.78,7.05,14.61
188.625,4.83,3.55,4.66,11.47,15.18,3.91,9.74,14.83
188.750,6.21,8.06,4.04,12.49,27.04,7.49,15.32,24.34
188.875,8.77,9.26,8.11,7.84,27.21,20.18,27.74,23.68
189.000,13.24,10.85,8.95,6.34,35.13,35.71,45.57,23.28
189.125,6.82,7.40,7.75,11.56,24.21,31.81,46.36,17.13
189.250,5.81,4.30,6.82,12.35,21.15,13.33,26.64,19.39
189.375,5.14,3.51,3.37,7.80,11.78,7.62,11.56,23.63
189.500,4.44,5.06,6.56,1.34,10.76,8.90,4.48,21.11
189.625,7.62,5.76,8.55,1.96,9.43,7.49,4.44,17.22
189.750,5.41,2.67,6.60,3.55,6.03,3.68,4.61,8.68
189.875,14.12,9.70,8.68,9.35,5.06,6.78,7.67,9.39
190.000,8.51,6.29,6.82,17.57,4.30,4.48,15.80,11.20
190.125,3.99,4.30,4.52,15.58,7.62,2.67,18.94,24.38
190.250,8.99,7.05,3.77,10.10,7.93,2.49,14.08,27.57
190.375,2.89,6.56,4.39,12.71,8.28,5.76,13.06,30.93
190.500,4.04,4.57,2.18,9.74,6.91,4.79,11.56,19.70
190.625,2.49,2.76,3.20,6.96,9.39,3.99,7.58,17.26
190.750,3.42,3.33,4.88,10.89,8.46,5.37,8.73,9.88
190.875,4.17,2.53,4.35,8.02,8.24,6.56,7.05,7.49
191.000,2.00,3.51,5.67,4.44,4.44,5.14,4.04,2.67
191.125,5.19,8.99,3.51,3.11,3.86,2.00,3.51,3.29
191.250,4.52,4.88,1.47,5.98,2.93,2.22,1.92,4.35
191.375,4.35,7.00,1.96,7.75,2.36,4.26,2.80,5.63
191.500,4.48,4.26,3.37,7.05,2.84,7.97,5.23,4.70
191.625,6.74,9.08,3.11,6.52,3.24,10.45,6.07,3.91
191.750,5.32,6.34,4.61,6.34,4.04,9.04,4.79,3.77
191.875,7.75,7.22,8.81,3.68,3.51,7.40,3.07,4.17
192.000,6.16,7.31,8.46,5.10,3.42,9.61,5.37,4.13
192.125,8.20,2.93,4.66,8.28,3.64,5.59,8.55,3.29
192.250,4.35,4.08,3.02,9.92,5.06,3.86,12.35,2.93
192.375,3.07,4.57,1.69,14.21,5.90,3.29,15.94,3.20
192.500,3.55,2.31,4.48,15.32,6.16,1.74,13.11,3.02
192.625,2.84,6.34,6.07,13.81,5.10,2.00,8.11,2.45
192.750,4.35,6.52,4.97,13.15,4.13,3.07,6.38,3.82
192.875,2.36,3.68,4.97,7.97,4.44,1.65,5.81,5.59
193.000,6.38,2.45,5.32,3.15,5.72,3.91,6.52,9.96
193.125,7.09,5.98,3.37,9.12,8.81,3.95,10.76,12.75
193.250,6.65,2.22,4.17,13.99,10.19,1.78,12.40,13.99
193.375,1.69,2.45,6.65,13.90,10.23,5.06,9.61,13.15
193.500,4.61,6.16,5.98,8.73,9.83,6.12,5.19,11.38
193.625,6.03,4.04,3.95,3.20,9.92,5.32,4.22,10.54
193.750,4.57,4.04,2.36,6.25,9.17,5.32,7.22,8.77
193.875,7.84,5.45,2.00,6.38,8.73,4.66,9.30,6.43
194.000,9.43,4.13,4.08,5.81,6.56,3.33,8.73,5.06
194.125,5.28,3.73,4.17,7.09,9.30,5.32,10.14,5.76
194.250,9.70,5.90,2.00,9.04,8.73,2.62,12.97,6.16
194.375,6.12,6.43,6.38,6.87,11.03,3.42,8.20,7.22
194.500,4.08,3.99,5.94,7.31,7.27,3.07,5.01,5.41
194.625,8.55,6.38,2.80,10.41,6.43,2.09,9.39,4.75
194.750,4.17,3.46,5.28,8.81,3.95,4.35,9.39,3.55
194.875,4.79,7.84,7.84,4.35,5.59,6.25,4.66,4.88
195.000,4.61,5.67,9.12,6.29,4.92,6.60,3.33,4.79
195.125,3.86,2.22,6.56,10.45,5.72,3.46,6.91,6.52
195.250,6.52,3.33,3.33,13.99,14.03,6.56,12.53,15.01
195.375,9.43,2.67,3.64,7.09,22.53,9.66,12.75,21.64
195.500,9.61,5.72,8.81,12.40,32.57,18.19,10.54,28.19
195.625,16.33,7.75,18.99,28.94,30.40,29.07,14.03,29.82
195.750,20.09,3.91,17.22,25.89,23.23,29.34,21.64,36.94
195.875,8.81,4.97,9.30,8.20,13.77,17.48,31.11,50.12
196.000,5.50,2.71,7.62,5.90,8.02,7.40,21.51,46.28
196.125,8.42,3.55,14.48,4.04,6.43,14.74,7.93,37.21
196.250,6.52,8.37,14.61,3.91,6.29,13.90,8.95,15.27
196.375,2.80,4.35,4.44,13.28,3.91,5.10,12.49,7.71
196.500,6.56,9.43,10.41,23.45,7.00,10.50,15.05,6.56
196.625,2.36,3.37,9.35,23.15,7.05,8.28,10.67,6.60
196.750,5.81,8.28,6.82,15.94,9.88,4.17,4.08,5.50
196.875,4.08,8.51,7.53,7.84,10.36,7.71,3.15,1.92
197.000,4.97,7.75,6.03,3.20,12.71,7.84,2.62,1.47
197.125,7.36,7.97,8.90,2.49,15.27,9.35,2.67,3.55
197.250,5.41,2.58,3.82,4.17,16.73,6.25,3.86,5.06
197.375,5.45,7.13,3.77,5.81,17.09,4.39,5.98,6.91
197.500,4.92,4.26,4.35,5.19,17.88,6.91,7.27,8.42
197.625,8.64,6.60,7.27,4.79,14.87,11.29,7.75,8.81
197.750,4.22,2.00,9.61,5.72,16.82,11.34,8.15,11.25
197.875,8.11,3.51,7.97,4.88,17.40,5.98,6.21,12.88
198.000,5.41,7.31,7.00,3.77,18.46,3.29,3.46,15.14
198.125,5.59,3.64,10.32,5.85,18.41,5.54,7.62,16.33
198.250,9.79,6.34,10.41,7.62,12.04,7.44,8.51,13.95
198.375,6.69,7.13,5.14,7.67,8.51,7.58,7.49,11.20
198.500,5.01,5.06,9.96,11.47,5.10,8.46,9.30,7.75
198.625,6.52,9.92,8.28,16.42,7.22,5.45,14.87,8.06
198.750,7.97,7.97,9.30,14.39,10.85,9.66,15.36,10.81
198.875,6.87,12.35,20.98,30.53,15.45,17.53,24.56,14.96
199.000,23.41,12.44,27.97,52.47,14.17,24.74,48.84,14.79
199.125,8.95,11.82,22.88,48.71,15.27,20.62,49.15,24.47
199.250,7.84,8.86,15.76,28.76,14.92,12.31,30.58,32.34
199.375,9.12,10.36,13.41,15.58,24.29,10.45,17.04,53.84
199.500,2.76,2.22,7.40,8.11,25.89,8.06,11.47,52.69
199.625,5.54,4.52,6.38,15.36,24.87,5.01,15.36,48.22
199.750,8.02,9.12,7.49,14.92,16.51,6.56,10.23,30.04
199.875,5.10,4.22,5.19,9.70,9.21,4.48,2.31,16.55
200.000,4.88,5.98,1.78,6.69,5.23,2.40,2.89,8.37
200.125,3.68,5.32,1.87,4.08,2.53,4.88,6.25,2.67
200.250,4.70,4.79,2.62,5.28,6.21,2.93,6.12,2.80
200.375,7.93,9.04,5.14,2.53,9.92,5.01,2.76,6.29
200.500,3.15,5.19,4.26,5.45,15.14,2.40,3.15,9.79
200.625,5.50,9.35,5.45,12.31,14.87,6.56,7.84,12.97
200.750,8.02,5.50,5.67,13.68,15.36,10.36,9.21,15.27
200.875,3.73,14.83,7.67,10.50,11.20,6.56,5.90,13.95
201.000,1.65,5.10,6.96,15.36,11.38,1.65,3.86,14.21
201.125,2.36,9.39,4.08,21.02,14.08,2.36,6.43,13.77
201.250,6.21,11.20,6.96,21.64,26.29,4.52,8.90,18.55
201.375,5.59,14.52,6.29,9.79,31.15,5.19,10.45,22.48
201.500,4.44,3.55,4.61,3.99,41.10,2.93,7.53,34.16
201.625,3.46,10.98,4.52,6.91,33.32,2.98,3.33,34.38
201.750,3.99,4.97,9.96,13.11,32.74,4.83,5.94,35.13
201.875,3.95,6.16,16.73,11.69,18.85,7.89,4.39,24.38
202.000,2.98,3.33,13.46,7.53,15.05,6.65,3.24,17.84
202.125,4.52,4.97,7.36,7.05,9.26,5.14,4.83,10.76
202.250,2.14,5.85,6.82,4.66,8.86,6.87,2.00,4.35
202.375,1.69,5.85,3.86,4.57,7.75,6.21,2.27,3.86
202.500,4.48,10.63,5.01,3.55,8.81,5.72,4.70,4.57
202.625,2.71,8.02,14.03,7.80,9.26,8.37,6.34,5.81
202.750,7.75,5.19,25.05,5.90,11.20,11.51,5.81,5.90
202.875,2.00,2.62,23.06,5.94,8.24,9.70,4.30,4.83
203.000,4.83,6.82,12.84,12.62,5.85,5.14,3.95,3.99
203.125,3.15,7.58,5.59,13.55,3.46,1.96,6.21,2.67
203.250,3.33,5.59,3.37,12.09,5.72,4.39,12.26,4.30
203.375,4.66,5.06,2.89,7.58,11.20,3.86,11.87,8.86
203.500,2.09,4.22,2.84,10.19,23.76,3.73,12.66,22.44
203.625,5.50,8.86,2.67,8.06,28.72,2.14,11.07,28.10
203.750,2.67,6.69,3.60,4.13,33.54,3.91,6.69,36.02
203.875,5.45,9.21,6.12,2.40,22.08,5.06,4.88,24.12
204.000,6.16,7.27,2.40,7.67,15.41,2.27,4.44,19.08
204.125,6.65,6.43,8.55,9.57,7.62,9.43,2.76,8.33
204.250,8.15,5.32,12.26,11.47,4.97,12.04,4.13,6.16
204.375,5.06,7.75,8.42,10.27,4.79,6.38,6.34,4.61
204.500,3.20,4.17,2.49,6.69,4.57,3.07,5.81,5.98
204.625,5.63,5.72,3.99,4.70,5.41,5.41,5.10,5.90
204.750,4.57,5.01,3.73,8.81,8.81,1.61,9.39,5.50
204.875,7.13,9.35,8.68,13.64,9.92,5.14,12.18,4.35
205.000,5.59,4.13,9.30,16.38,11.11,5.10,9.74,6.69
205.125,8.55,9.04,4.52,13.55,8.51,1.92,5.72,8.55
205.250,4.88,7.71,2.80,5.01,6.96,3.73,5.10,10.27
205.375,4.83,6.47,4.57,8.81,6.87,6.87,6.56,9.66
205.500,3.46,4.22,4.83,9.12,5.37,6.38,5.54,8.51
205.625,6.87,6.25,4.66,4.52,3.95,3.11,6.69,7.09
205.750,5.67,5.19,6.82,7.71,2.53,4.08,3.60,7.36
205.875,2.80,6.56,9.17,8.90,3.07,4.66,7.09,6.34
206.000,5.85,7.22,9.39,6.52,5.72,7.00,9.17,6.69
206.125,4.22,5.50,7.22,8.46,10.67,8.33,11.91,8.37
206.250,3.37,5.14,5.63,10.76,16.42,4.13,13.81,15.94
206.375,4.79,9.79,4.35,8.81,28.98,1.47,13.15,31.77
206.500,5.63,4.08,5.94,7.22,32.21,3.15,11.96,38.05
206.625,3.77,8.06,9.70,4.57,34.20,4.97,6.78,43.00
206.750,3.60,3.82,8.77,4.44,25.09,3.95,4.52,31.24
206.875,4.61,7.75,4.66,4.48,16.33,4.35,5.94,21.24
207.000,3.91,4.17,3.64,3.33,9.08,4.92,6.43,10.19
207.125,2.71,4.17,5.98,5.37,4.26,5.32,8.20,5.06
207.250,4.22,7.44,7.27,5.10,4.52,5.63,7.49,5.06
207.375,4.35,3.68,6.21,6.74,6.56,4.04,6.12,6.74
207.500,8.95,7.93,4.70,9.61,7.44,3.07,4.13,6.07
207.625,2.98,3.77,4.79,10.14,7.27,3.60,3.42,7.13
207.750,5.63,6.12,2.05,8.24,5.32,2.31,2.22,6.65
207.875,3.73,4.08,3.73,8.86,8.90,4.52,4.08,12.75
208.000,2.18,9.43,11.11,18.46,12.97,10.81,10.72,15.01
208.125,4.44,6.82,24.52,38.18,19.52,19.16,30.71,16.78
208.250,26.68,18.59,36.50,55.17,14.12,22.00,48.71,12.75
208.375,6.96,9.39,29.96,51.63,13.68,17.93,54.50,13.28
208.500,10.58,9.96,11.56,20.85,14.17,10.67,30.71,22.00
208.625,6.74,10.98,11.73,10.81,19.92,10.32,9.66,25.00
208.750,4.48,3.55,13.28,12.40,18.81,10.05,6.34,24.87
208.875,3.73,6.96,12.66,15.80,18.15,9.52,6.82,18.32
209.000,10.19,6.25,8.20,12.22,14.43,3.91,3.64,12.40
209.125,3.51,4.17,8.55,5.41,12.31,6.03,3.91,8.73
209.250,2.84,5.28,12.35,4.13,6.82,9.43,3.64,5.94
209.375,5.37,3.55,9.61,8.95,4.83,7.89,5.28,7.13
209.500,2.80,3.60,2.49,10.81,5.06,2.14,5.94,10.50
209.625,5.94,8.64,8.73,7.27,4.88,7.27,6.16,10.89
209.750,5.41,7.75,10.54,8.73,6.82,8.28,11.38,10.36
209.875,7.13,6.82,9.66,9.04,6.43,6.47,12.66,8.73
210.000,4.61,7.40,7.49,8.02,6.47,4.26,10.58,8.99
210.125,5.01,4.35,6.91,6.38,4.52,6.74,6.16,10.36
210.250,5.45,5.63,7.31,5.37,5.28,8.55,2.76,11.07
210.375,5.72,5.50,2.71,4.79,7.93,5.14,1.92,12.93
210.500,5.50,6.07,4.44,7.84,12.31,4.88,2.09,12.75
210.625,4.22,5.67,4.88,11.16,13.59,4.97,1.87,11.73
210.750,5.32,7.44,6.43,8.42,18.32,5.19,2.53,10.98
210.875,2.27,3.86,8.46,4.75,15.05,6.25,6.25,8.77
211.000,7.22,2.98,7.36,13.24,19.12,7.22,13.77,14.12
211.125,4.26,6.29,8.37,17.22,18.24,8.06,13.99,16.47
211.250,7.36,2.84,8.95,18.72,32.43,8.24,12.62,30.66
211.375,15.32,5.59,8.42,14.56,35.57,8.73,13.41,32.88
211.500,5.28,3.15,9.96,10.10,34.73,5.81,10.94,32.96
211.625,12.66,8.42,7.18,7.93,21.95,1.21,8.46,22.26
211.750,5.41,3.15,3.60,13.99,13.11,3.42,10.10,14.61
211.875,11.34,8.06,4.04,13.46,8.51,6.87,8.73,9.92
212.000,6.65,5.14,4.79,10.14,5.76,6.65,9.39,6.38
212.125,8.24,3.95,4.39,6.82,4.35,5.23,9.39,3.73
212.250,3.29,2.49,3.73,7.18,4.97,6.38,12.31,3.46
212.375,5.37,5.67,6.21,6.34,5.23,7.53,9.96,3.55
212.500,4.26,5.41,9.57,3.55,4.39,9.35,7.67,5.72
212.625,4.88,5.45,8.99,3.68,3.64,8.68,7.49,6.12
212.750,4.70,4.22,9.61,3.07,3.55,8.46,4.66,8.37
212.875,2.80,5.01,10.76,7.27,3.55,11.03,7.09,8.95
213.000,9.92,3.64,13.95,9.66,4.13,13.72,9.74,9.12
213.125,3.99,3.73,10.98,4.61,4.35,11.78,7.93,7.75
213.250,2.22,4.83,3.24,1.16,5.10,5.10,4.61,5.59
213.375,1.74,5.01,9.88,2.76,4.30,4.48,2.80,4.83
213.500,5.98,10.01,11.91,4.92,3.64,9.08,3.02,4.17
213.625,5.45,7.00,7.67,5.23,4.79,6.47,5.14,5.32
213.750,5.81,7.67,5.06,12.22,6.82,8.28,8.51,5.76
213.875,4.22,8.06,9.26,14.39,8.20,12.88,10.58,5.98
214.000,4.08,4.30,4.97,8.11,5.94,8.20,8.24,3.37
214.125,4.30,6.43,3.46,3.86,4.57,3.02,5.45,4.26
214.250,6.16,5.45,5.67,5.41,3.91,2.84,5.63,5.54
214.375,4.48,5.90,7.13,3.11,4.79,3.24,5.14,9.43
214.500,7.18,8.81,6.25,5.10,5.50,4.97,4.57,9.17
214.625,4.39,6.82,3.91,4.13,5.81,4.66,3.37,11.65
214.750,7.67,5.41,9.26,4.52,9.52,4.70,3.33,8.33
214.875,3.29,4.17,11.11,8.15,11.07,2.53,6.52,8.68
215.000,8.99,9.48,7.05,6.65,21.42,8.20,10.36,8.86
215.125,8.86,8.11,2.31,6.21,21.29,15.80,22.17,9.26
215.250,22.44,9.26,6.60,6.43,32.21,19.43,29.91,13.64
215.375,7.75,3.07,5.10,6.65,27.97,15.89,21.51,15.49
215.500,8.42,7.71,11.69,8.46,42.30,11.96,14.92,28.23
215.625,28.54,24.69,10.58,12.00,35.75,22.13,23.85,26.02
215.750,17.84,16.42,5.01,11.60,41.32,24.87,31.06,25.58
215.875,9.17,9.92,10.67,9.92,26.24,15.89,24.16,13.86
216.000,10.58,4.92,13.24,11.78,23.19,12.09,10.41,13.55
216.125,5.67,8.95,12.53,15.49,12.13,12.18,7.13,11.07
216.250,6.21,4.48,10.85,11.91,8.51,11.82,9.70,11.25
216.375,4.30,4.97,9.43,6.34,4.13,12.18,13.68,8.64
216.500,7.58,8.42,7.93,12.18,5.54,9.17,11.38,9.43
216.625,5.10,4.22,5.54,12.22,6.43,3.60,5.45,8.59
216.750,3.24,7.31,5.37,7.80,11.07,5.45,9.79,8.15
216.875,2.49,2.76,6.47,10.63,10.63,4.30,13.41,5.45
217.000,4.13,5.67,5.10,7.71,13.15,3.68,7.71,7.27
217.125,4.26,2.76,7.44,3.33,8.86,8.28,8.81,6.82
217.250,8.51,6.82,9.70,7.84,8.33,10.10,10.72,7.80
217.375,5.10,2.00,5.81,13.15,6.12,8.02,7.84,4.39
217.500,5.45,2.22,2.45,18.85,6.34,2.49,11.82,3.37
217.625,5.63,3.02,3.20,17.00,6.21,3.77,12.97,3.51
217.750,2.49,2.09,4.57,11.87,5.41,3.37,11.16,4.35
217.875,3.24,4.61,8.59,5.67,4.70,1.21,6.78,5.19
218.000,6.60,5.23,9.57,3.77,2.89,3.15,6.38,3.68
218.125,2.71,1.74,10.10,9.39,2.36,6.47,9.48,4.30
218.250,3.29,4.04,8.55,10.32,2.31,9.79,6.12,3.91
218.375,2.49,5.90,5.01,11.03,3.20,10.27,5.14,3.91
218.500,2.71,8.59,3.15,10.45,4.13,7.09,7.84,2.71
218.625,4.44,6.82,6.34,4.92,4.66,2.80,7.44,1.83
218.750,2.36,5.10,6.47,3.33,4.08,2.22,3.82,2.93
218.875,2.36,3.24,3.33,9.70,4.39,2.80,4.35,4.17
219.000,4.88,3.02,5.23,14.87,7.00,7.13,8.46,5.72
219.125,4.48,5.37,9.30,14.52,7.53,8.46,7.22,5.28
219.250,6.38,5.14,9.61,10.41,8.37,9.12,5.28,4.39
219.375,3.91,6.43,6.52,5.76,5.98,7.58,7.18,3.24
219.500,8.42,7.49,5.32,7.09,8.95,3.77,6.12,2.71
219.625,5.19,3.64,1.92,6.34,8.90,3.55,3.99,4.08
219.750,6.34,7.05,3.95,4.61,10.67,3.73,4.39,5.67
219.875,5.98,8.73,4.44,6.52,6.65,4.44,5.37,6.82
220.000,4.30,5.10,2.89,6.52,4.66,5.10,5.14,7.22
220.125,2.93,3.99,2.18,4.83,2.22,4.97,4.35,7.84
220.250,3.91,3.20,2.31,4.39,2.71,6.16,4.75,7.44
220.375,3.95,2.49,3.37,4.22,3.91,6.03,4.57,6.29
220.500,3.29,7.62,6.38,4.22,6.12,5.81,2.14,4.30
220.625,7.27,5.19,5.81,6.34,6.65,4.66,3.15,3.46
220.750,4.48,6.29,3.91,8.02,5.85,1.74,6.65,3.91
220.875,7.05,6.52,5.14,7.18,4.48,2.93,5.90,3.82
221.000,3.95,7.31,5.72,4.57,3.07,2.45,4.92,5.10
221.125,2.98,1.92,9.48,3.95,2.45,5.45,6.21,5.98
221.250,3.77,7.44,11.51,2.09,1.83,8.73,5.41,9.96
221.375,4.57,4.75,6.25,4.48,2.22,6.21,4.92,9.08
221.500,4.79,6.91,4.26,5.37,3.77,3.73,5.90,7.44
221.625,13.72,12.13,8.06,5.85,4.70,5.76,5.23,3.33
221.750,3.99,2.40,9.39,6.65,5.94,7.89,6.74,2.36
221.875,7.27,4.44,7.89,7.27,5.14,10.23,6.47,2.09
222.000,4.97,3.11,7.53,6.47,4.61,12.26,3.95,2.27
222.125,3.07,4.88,9.21,6.38,6.52,13.68,3.95,5.10
222.250,4.92,3.20,6.03,12.00,13.24,11.91,10.19,10.50
222.375,4.52,4.04,3.99,12.93,21.77,7.97,11.11,17.48
222.500,4.35,3.99,6.34,14.87,37.70,5.81,6.60,29.51
222.625,13.41,11.82,13.28,12.88,38.40,7.84,3.33,29.65
222.750,8.68,7.75,16.64,7.36,37.17,12.26,3.24,29.69
222.875,8.06,3.37,10.63,4.30,19.16,10.81,3.20,14.92
223.000,11.60,7.27,8.90,4.57,11.42,8.59,6.43,10.05
223.125,4.48,5.01,7.09,7.27,7.27,8.06,8.42,7.75
223.250,8.37,4.75,4.57,7.40,6.52,9.17,7.44,8.64
223.375,4.26,4.61,4.35,5.19,6.43,7.27,3.68,9.92
223.500,8.11,2.31,3.95,7.89,4.97,4.39,7.27,5.81
223.625,3.20,2.62,2.84,5.81,5.98,2.71,7.80,4.88
223.750,6.16,4.97,5.01,2.05,5.06,3.68,4.75,2.93
223.875,5.19,3.37,7.40,3.95,6.96,4.70,9.12,5.32
224.000,7.49,5.37,5.54,5.76,6.96,3.42,12.13,6.29
224.125,9.26,4.70,2.93,10.19,7.58,2.62,11.96,7.67
224.250,3.51,5.59,3.73,13.02,4.75,2.67,10.05,5.90
224.375,2.62,3.86,4.44,12.22,3.07,4.79,7.49,5.23
224.500,4.13,5.90,4.26,6.82,1.65,6.34,3.51,4.26
224.625,2.98,5.41,1.25,3.82,1.78,4.35,2.58,3.95
224.750,7.44,8.86,1.61,6.43,3.86,5.32,6.56,4.44
224.875,7.13,6.87,4.52,12.40,5.50,6.96,8.59,4.44
225.000,3.82,3.51,7.36,14.79,6.74,8.02,8.42,5.10
225.125,3.77,2.98,8.33,11.16,6.69,6.34,7.44,4.75
225.250,6.82,2.09,10.45,8.24,4.75,4.61,6.56,3.86
225.375,4.39,4.79,7.89,7.49,3.64,3.42,7.67,3.55
225.500,2.67,2.93,4.22,5.14,3.15,3.29,8.02,3.82
225.625,7.05,2.53,5.06,5.14,4.70,6.07,6.12,5.63
225.750,3.68,3.29,5.94,7.00,6.74,8.37,5.59,6.03
225.875,9.35,8.42,3.55,3.99,6.03,6.96,4.92,4.83
226.000,4.04,2.71,6.25,6.29,7.80,6.03,4.70,4.35
226.125,2.84,3.60,6.74,8.46,9.21,8.95,8.99,4.08
226.250,3.51,2.31,4.88,9.04,15.01,6.69,11.16,7.58
226.375,1.12,2.22,4.04,12.66,14.43,3.11,7.05,10.14
226.500,1.30,2.84,2.05,10.85,13.41,2.00,2.80,11.82
226.625,2.67,5.50,4.83,6.69,9.74,1.43,1.87,13.41
226.750,3.99,4.04,7.00,3.42,15.63,1.56,3.99,14.21
226.875,5.32,11.16,3.91,9.43,21.33,3.68,12.57,17.57
227.000,7.93,10.23,6.07,14.56,32.92,8.24,19.83,23.81
227.125,4.57,3.24,8.73,16.29,34.07,9.52,23.63,27.88
227.250,5.28,4.22,5.76,15.45,30.66,6.43,19.92,29.65
227.375,1.92,4.39,2.36,10.76,19.25,3.33,11.42,22.35
227.500,2.71,2.49,6.87,9.57,22.61,2.14,5.76,19.87
227.625,4.52,2.62,9.52,13.77,27.35,2.98,5.28,17.26
227.750,4.30,5.72,6.91,15.27,41.19,2.49,9.57,20.45
227.875,7.71,3.64,4.92,14.61,32.52,2.89,8.86,16.16
228.000,2.18,9.57,3.86,7.97,27.97,4.39,4.66,16.02
228.125,8.90,12.62,4.39,8.46,16.78,4.52,6.74,12.00
228.250,2.80,7.40,3.07,10.85,11.91,2.58,8.02,10.67
228.375,5.85,5.06,2.05,13.77,9.43,2.40,10.27,9.39
228.500,3.77,2.09,1.47,13.41,7.05,2.40,11.65,7.80
228.625,3.42,4.13,3.95,7.36,5.14,1.69,8.24,5.81
228.750,9.08,5.76,4.48,11.16,3.55,3.51,10.19,3.91
228.875,3.51,2.49,5.67,16.60,3.07,4.92,13.50,3.73
229.000,9.08,3.51,6.52,13.06,3.99,4.30,12.57,5.59
229.125,3.86,5.10,8.55,4.97,4.35,4.57,8.33,8.06
229.250,4.17,2.93,8.86,5.94,6.43,3.73,5.76,8.11
229.375,5.63,4.61,6.07,5.59,7.40,5.67,5.94,7.53
229.500,3.64,3.68,7.93,4.30,9.70,13.99,4.97,6.91
229.625,5.59,1.83,9.08,7.75,10.05,14.12,9.92,7.49
229.750,5.10,4.61,8.15,5.76,8.90,9.35,6.82,8.33
229.875,8.06,3.29,5.94,4.22,7.05,6.82,5.41,8.64
230.000,5.54,2.18,3.95,5.50,4.17,6.47,7.93,6.91
230.125,10.63,1.87,7.22,6.25,4.66,3.51,4.26,5.90
230.250,8.59,10.27,11.56,5.23,7.13,4.39,4.66,7.44
230.375,6.21,4.08,11.38,9.66,8.77,8.24,7.18,9.92
230.500,8.02,5.85,8.77,14.48,10.27,6.69,8.24,13.15
230.625,8.55,8.42,6.82,10.14,11.87,4.83,5.76,15.14
230.750,2.27,1.61,8.28,5.59,12.66,6.38,3.68,14.83
230.875,6.43,6.74,8.95,8.77,13.46,8.55,8.81,13.50
231.000,3.20,4.35,5.32,9.39,12.66,7.31,10.41,8.77
231.125,5.32,3.91,2.40,5.59,13.24,5.19,7.53,6.25
231.250,7.40,7.44,3.33,2.58,13.46,4.88,4.79,4.83
231.375,8.06,7.58,3.11,3.99,13.19,5.45,8.64,3.91
231.500,5.23,7.31,4.08,6.65,14.26,4.08,10.98,3.82
231.625,3.99,4.61,10.89,6.03,13.90,7.53,6.34,3.37
231.750,5.72,5.41,11.29,8.11,13.02,10.81,4.35,3.95
231.875,3.55,3.33,6.52,10.76,12.97,8.77,7.40,4.75
232.000,2.80,2.76,4.79,8.64,13.72,3.37,8.15,5.45
232.125,6.52,4.08,7.67,6.38,14.56,3.42,5.37,6.65
232.250,4.52,2.84,7.27,8.86,15.45,4.79,3.64,10.41
232.375,9.35,9.21,7.53,6.69,14.87,7.62,3.64,13.46
232.500,3.99,5.94,12.35,3.68,14.92,10.54,3.42,16.47
232.625,5.85,5.01,11.96,12.84,17.48,8.28,9.39,21.69
232.750,3.37,5.28,6.03,18.19,23.23,3.68,14.70,28.81
232.875,7.44,9.83,8.99,16.91,27.57,4.66,16.47,33.05
233.000,5.54,6.69,10.67,12.22,34.69,7.31,14.03,39.82
233.125,5.28,10.45,8.55,6.52,28.28,7.09,8.33,33.72
233.250,6.07,4.22,9.43,5.76,29.60,8.64,9.66,32.79
233.375,7.58,8.15,11.20,5.06,18.55,13.50,9.83,19.65
233.500,3.91,7.49,6.91,3.46,20.14,11.51,5.28,18.24
233.625,4.61,10.72,2.89,5.63,12.57,7.44,3.82,13.24
233.750,9.17,9.17,5.98,9.12,10.76,7.22,7.89,16.69
233.875,4.52,4.22,4.92,10.36,4.39,6.29,11.03,14.34
234.000,2.84,5.63,7.18,7.44,3.33,7.36,7.71,15.76
234.125,1.52,2.93,7.05,5.41,2.09,5.14,3.29,12.97
234.250,3.51,11.91,11.78,3.77,1.83,2.84,1.61,10.81
234.375,3.51,5.06,17.17,3.33,1.69,7.36,5.90,8.77
234.500,7.62,12.13,14.39,6.25,2.09,9.70,14.52,8.42
234.625,7.27,12.22,8.73,6.43,3.11,11.07,18.59,11.20
234.750,4.39,7.53,7.84,7.22,3.55,12.84,14.48,12.13
234.875,4.97,5.41,4.79,6.34,3.91,11.78,8.55,10.50
235.000,6.29,2.49,4.61,5.10,5.81,7.27,6.60,6.56
235.125,3.46,4.13,3.82,10.05,7.71,2.53,8.11,4.26
235.250,2.45,3.42,1.30,8.55,9.88,3.33,6.74,3.11
235.375,1.87,4.48,2.80,6.78,11.07,1.96,3.15,2.45
235.500,5.54,7.44,6.38,6.87,9.92,3.77,4.13,3.20
235.625,1.83,2.80,10.45,3.86,8.06,5.98,7.36,4.61
235.750,6.87,6.91,13.50,8.46,5.85,8.99,11.51,6.52
235.875,1.61,3.02,10.63,15.71,7.53,8.55,9.66,7.97
236.000,5.41,5.01,7.09,14.65,7.80,5.76,3.55,9.04
236.125,3.15,6.38,3.91,15.32,7.22,2.84,9.26,8.46
236.250,3.99,8.95,6.29,18.63,5.19,4.57,13.99,7.36
236.375,4.52,6.43,8.86,9.52,4.88,6.87,8.28,6.82
236.500,2.84,8.11,5.41,5.94,4.79,5.28,6.74,6.56
236.625,4.22,4.08,2.93,11.07,6.82,5.67,8.42,8.64
236.750,3.60,5.37,4.35,8.73,9.57,8.90,5.45,11.25
236.875,9.04,4.79,5.85,3.99,10.63,9.21,7.00,13.06
237.000,6.25,4.97,6.34,2.36,10.36,7.40,7.27,12.93
237.125,5.14,2.40,5.19,7.93,6.78,5.06,6.07,9.88
237.250,7.13,3.77,2.27,13.11,4.88,3.42,9.66,7.00
237.375,3.82,4.66,5.67,15.32,3.51,10.72,9.52,5.76
237.500,7.44,7.84,8.68,12.40,5.06,10.54,8.06,5.19
237.625,3.73,6.12,8.37,6.34,6.91,4.79,8.95,6.29
237.750,5.94,7.27,8.99,3.33,11.38,3.95,7.62,7.22
237.875,5.41,5.10,5.59,3.82,12.35,2.93,8.06,8.46
238.000,7.31,5.67,5.72,4.04,15.23,9.96,9.08,7.31
238.125,8.11,10.54,13.06,5.37,19.25,13.19,4.70,10.19
238.250,8.95,4.52,11.73,6.25,24.65,9.88,4.48,14.26
238.375,13.33,6.65,5.54,10.14,37.96,7.27,7.62,28.63
238.500,7.49,4.75,4.26,33.76,41.10,10.45,10.81,31.55
238.625,31.64,25.49,8.86,60.34,40.00,12.53,17.40,39.38
238.750,11.82,8.99,13.95,53.18,28.28,8.55,17.93,28.28
238.875,13.02,7.89,12.62,20.49,17.70,6.29,11.07,30.58
239.000,7.44,5.72,9.57,8.59,13.86,8.86,5.59,22.26
239.125,4.52,2.80,10.50,10.05,13.86,7.75,6.34,23.59
239.250,2.45,3.51,11.78,6.78,19.70,6.03,5.45,21.82
239.375,3.99,2.76,13.06,4.35,20.49,10.63,5.10,22.04
239.500,2.98,2.53,12.09,5.54,18.10,9.92,7.44,19.34
239.625,6.52,5.45,11.11,7.05,12.00,7.53,12.13,14.26
239.750,2.58,5.54,6.56,9.83,7.58,2.40,16.69,8.64
239.875,4.83,8.64,7.40,15.32,8.64,7.00,20.40,7.80
240.000,13.28,16.11,15.94,15.98,8.02,12.97,18.10,6.03
240.125,5.19,12.71,18.77,8.64,8.99,15.76,10.72,5.81
240.250,6.43,10.67,14.83,4.57,5.45,14.43,6.47,4.44
240.375,3.02,7.44,7.44,14.48,4.61,8.95,9.08,5.90
240.500,9.48,9.43,5.10,16.33,4.57,6.38,11.29,5.85
240.625,8.24,7.84,5.54,9.48,6.56,3.99,8.15,7.71
240.750,9.08,8.15,5.19,3.64,11.34,4.48,3.82,6.16
240.875,6.07,4.70,4.04,6.82,13.37,4.08,5.59,5.23
241.000,7.05,6.56,5.81,10.10,15.10,3.60,8.20,3.95
241.125,5.14,5.90,7.00,11.91,14.48,3.07,7.80,5.19
241.250,7.09,10.19,5.90,13.72,22.30,3.68,14.92,12.00
241.375,9.83,9.21,7.89,7.71,30.22,8.55,11.47,18.41
241.500,10.98,11.25,7.89,9.66,37.21,20.45,22.75,20.98
